"PIC","SITE","DEPTH","LABEL_corrected","Count"
"MKN9079","IUI_S","5","Acanthastrea",1
"MKN9226","IUI_N","5","Acropora",2
"MKN9227","IUI_N","5","Acropora",11
"MKN9228","IUI_N","5","Acropora",6
"MKN9229","IUI_N","5","Acropora",7
"MKN9230","IUI_N","5","Acropora",7
"MKN9231","IUI_N","5","Acropora",7
"MKN9232","IUI_N","5","Acropora",7
"MKN9233","IUI_N","5","Acropora",5
"MKN9234","IUI_N","5","Acropora",4
"MKN9235","IUI_N","5","Acropora",4
"MKN9236","IUI_N","5","Acropora",9
"MKN9239","IUI_N","5","Acropora",1
"MKN9240","IUI_N","5","Acropora",5
"MKN9241","IUI_N","5","Acropora",2
"MKN9242","IUI_N","5","Acropora",4
"MKN9243","IUI_N","5","Acropora",3
"MKN9244","IUI_N","5","Acropora",3
"MKN9245","IUI_N","5","Acropora",9
"MKN9246","IUI_N","5","Acropora",5
"MKN9247","IUI_N","5","Acropora",1
"MKN9248","IUI_N","5","Acropora",2
"MKN9249","IUI_N","5","Acropora",8
"MKN9250","IUI_N","5","Acropora",4
"MKN9251","IUI_N","5","Acropora",5
"MKN9065","IUI_S","5","Acropora",2
"MKN9066","IUI_S","5","Acropora",9
"MKN9067","IUI_S","5","Acropora",3
"MKN9069","IUI_S","5","Acropora",8
"MKN9074","IUI_S","5","Acropora",1
"MKN9075","IUI_S","5","Acropora",4
"MKN9077","IUI_S","5","Acropora",3
"MKN9079","IUI_S","5","Acropora",2
"MKN9080","IUI_S","5","Acropora",2
"MKN9081","IUI_S","5","Acropora",5
"MKN9083","IUI_S","5","Acropora",5
"MKN9085","IUI_S","5","Acropora",5
"MKN9088","IUI_S","5","Acropora",1
"MKN9090","IUI_S","5","Acropora",1
"MKN9092","IUI_S","5","Acropora",4
"MKN9093","IUI_S","5","Acropora",3
"MKN9095","IUI_S","5","Acropora",1
"MKN9372","JG","5","Acropora",4
"MKN9373","JG","5","Acropora",4
"MKN9374","JG","5","Acropora",2
"MKN9377","JG","5","Acropora",2
"MKN9378","JG","5","Acropora",2
"MKN9379","JG","5","Acropora",5
"MKN9380","JG","5","Acropora",8
"MKN9381","JG","5","Acropora",4
"MKN9382","JG","5","Acropora",6
"MKN9384","JG","5","Acropora",2
"MKN9385","JG","5","Acropora",1
"MKN9386","JG","5","Acropora",4
"MKN9388","JG","5","Acropora",2
"MKN9389","JG","5","Acropora",2
"MKN9390","JG","5","Acropora",4
"MKN9391","JG","5","Acropora",2
"MKN9392","JG","5","Acropora",3
"MKN9394","JG","5","Acropora",5
"MKN9396","JG","5","Acropora",6
"MKN9397","JG","5","Acropora",2
"MKN9398","JG","5","Acropora",4
"MKN9399","JG","5","Acropora",6
"MKN9400","JG","5","Acropora",3
"MKN9401","JG","5","Acropora",8
"MKN9191","IUI_N","15","Acropora",1
"MKN9192","IUI_N","15","Acropora",5
"MKN9193","IUI_N","15","Acropora",2
"MKN9194","IUI_N","15","Acropora",2
"MKN9195","IUI_N","15","Acropora",1
"MKN9196","IUI_N","15","Acropora",3
"MKN9197","IUI_N","15","Acropora",3
"MKN9198","IUI_N","15","Acropora",1
"MKN9199","IUI_N","15","Acropora",4
"MKN9201","IUI_N","15","Acropora",1
"MKN9202","IUI_N","15","Acropora",2
"MKN9203","IUI_N","15","Acropora",1
"MKN9204","IUI_N","15","Acropora",2
"MKN9205","IUI_N","15","Acropora",5
"MKN9206","IUI_N","15","Acropora",11
"MKN9207","IUI_N","15","Acropora",6
"MKN9208","IUI_N","15","Acropora",3
"MKN9209","IUI_N","15","Acropora",5
"MKN9210","IUI_N","15","Acropora",2
"MKN9211","IUI_N","15","Acropora",17
"MKN9213","IUI_N","15","Acropora",4
"MKN9214","IUI_N","15","Acropora",4
"MKN9215","IUI_N","15","Acropora",5
"MKN9216","IUI_N","15","Acropora",7
"MKN9217","IUI_N","15","Acropora",6
"MKN9218","IUI_N","15","Acropora",3
"MKN9219","IUI_N","15","Acropora",12
"MKN9220","IUI_N","15","Acropora",1
"MKN9221","IUI_N","15","Acropora",4
"MKN9222","IUI_N","15","Acropora",2
"MKN9223","IUI_N","15","Acropora",4
"MKN9225","IUI_N","15","Acropora",1
"MKN9030","IUI_S","15","Acropora",6
"MKN9031","IUI_S","15","Acropora",1
"MKN9032","IUI_S","15","Acropora",2
"MKN9033","IUI_S","15","Acropora",11
"MKN9034","IUI_S","15","Acropora",5
"MKN9035","IUI_S","15","Acropora",2
"MKN9036","IUI_S","15","Acropora",9
"MKN9037","IUI_S","15","Acropora",8
"MKN9040","IUI_S","15","Acropora",9
"MKN9044","IUI_S","15","Acropora",2
"MKN9045","IUI_S","15","Acropora",6
"MKN9046","IUI_S","15","Acropora",10
"MKN9047","IUI_S","15","Acropora",2
"MKN9048","IUI_S","15","Acropora",3
"MKN9049","IUI_S","15","Acropora",1
"MKN9050","IUI_S","15","Acropora",2
"MKN9052","IUI_S","15","Acropora",6
"MKN9053","IUI_S","15","Acropora",4
"MKN9054","IUI_S","15","Acropora",2
"MKN9056","IUI_S","15","Acropora",3
"MKN9057","IUI_S","15","Acropora",1
"MKN9060","IUI_S","15","Acropora",2
"MKN9062","IUI_S","15","Acropora",1
"MKN9064","IUI_S","15","Acropora",4
"MKN9342","JG","15","Acropora",5
"MKN9344","JG","15","Acropora",1
"MKN9345","JG","15","Acropora",1
"MKN9346","JG","15","Acropora",2
"MKN9347","JG","15","Acropora",3
"MKN9348","JG","15","Acropora",2
"MKN9350","JG","15","Acropora",2
"MKN9351","JG","15","Acropora",4
"MKN9352","JG","15","Acropora",2
"MKN9353","JG","15","Acropora",3
"MKN9354","JG","15","Acropora",1
"MKN9355","JG","15","Acropora",2
"MKN9356","JG","15","Acropora",6
"MKN9357","JG","15","Acropora",3
"MKN9358","JG","15","Acropora",3
"MKN9359","JG","15","Acropora",4
"MKN9360","JG","15","Acropora",3
"MKN9361","JG","15","Acropora",3
"MKN9362","JG","15","Acropora",1
"MKN9363","JG","15","Acropora",3
"MKN9364","JG","15","Acropora",2
"MKN9365","JG","15","Acropora",4
"MKN9366","JG","15","Acropora",21
"MKN9367","JG","15","Acropora",10
"MKN9368","JG","15","Acropora",2
"MKN9369","JG","15","Acropora",1
"MKN9371","JG","15","Acropora",2
"MKN9159","IUI_N","25","Acropora",2
"MKN9160","IUI_N","25","Acropora",6
"MKN9161","IUI_N","25","Acropora",6
"MKN9162","IUI_N","25","Acropora",4
"MKN9163","IUI_N","25","Acropora",8
"MKN9164","IUI_N","25","Acropora",5
"MKN9165","IUI_N","25","Acropora",3
"MKN9166","IUI_N","25","Acropora",5
"MKN9167","IUI_N","25","Acropora",3
"MKN9168","IUI_N","25","Acropora",2
"MKN9169","IUI_N","25","Acropora",2
"MKN9170","IUI_N","25","Acropora",3
"MKN9171","IUI_N","25","Acropora",4
"MKN9172","IUI_N","25","Acropora",8
"MKN9173","IUI_N","25","Acropora",6
"MKN9174","IUI_N","25","Acropora",2
"MKN9175","IUI_N","25","Acropora",2
"MKN9176","IUI_N","25","Acropora",9
"MKN9177","IUI_N","25","Acropora",1
"MKN9178","IUI_N","25","Acropora",4
"MKN9179","IUI_N","25","Acropora",8
"MKN9180","IUI_N","25","Acropora",17
"MKN9181","IUI_N","25","Acropora",6
"MKN9182","IUI_N","25","Acropora",6
"MKN9183","IUI_N","25","Acropora",4
"MKN9184","IUI_N","25","Acropora",7
"MKN9185","IUI_N","25","Acropora",3
"MKN9186","IUI_N","25","Acropora",6
"MKN9187","IUI_N","25","Acropora",5
"MKN9188","IUI_N","25","Acropora",4
"MKN9189","IUI_N","25","Acropora",1
"MKN9190","IUI_N","25","Acropora",7
"MKN9004","IUI_S","25","Acropora",2
"MKN9006","IUI_S","25","Acropora",1
"MKN9009","IUI_S","25","Acropora",1
"MKN9010","IUI_S","25","Acropora",1
"MKN9012","IUI_S","25","Acropora",2
"MKN9013","IUI_S","25","Acropora",4
"MKN9015","IUI_S","25","Acropora",2
"MKN9016","IUI_S","25","Acropora",5
"MKN9021","IUI_S","25","Acropora",1
"MKN9023","IUI_S","25","Acropora",5
"MKN9024","IUI_S","25","Acropora",10
"MKN9025","IUI_S","25","Acropora",11
"MKN9026","IUI_S","25","Acropora",1
"MKN9312","JG","25","Acropora",5
"MKN9313","JG","25","Acropora",6
"MKN9314","JG","25","Acropora",7
"MKN9315","JG","25","Acropora",4
"MKN9316","JG","25","Acropora",2
"MKN9317","JG","25","Acropora",7
"MKN9318","JG","25","Acropora",10
"MKN9319","JG","25","Acropora",10
"MKN9320","JG","25","Acropora",6
"MKN9321","JG","25","Acropora",9
"MKN9322","JG","25","Acropora",5
"MKN9324","JG","25","Acropora",4
"MKN9325","JG","25","Acropora",13
"MKN9326","JG","25","Acropora",7
"MKN9327","JG","25","Acropora",8
"MKN9328","JG","25","Acropora",7
"MKN9329","JG","25","Acropora",19
"MKN9330","JG","25","Acropora",14
"MKN9331","JG","25","Acropora",7
"MKN9332","JG","25","Acropora",10
"MKN9333","JG","25","Acropora",5
"MKN9334","JG","25","Acropora",3
"MKN9335","JG","25","Acropora",3
"MKN9336","JG","25","Acropora",6
"MKN9337","JG","25","Acropora",3
"MKN9338","JG","25","Acropora",7
"MKN9339","JG","25","Acropora",7
"MKN9340","JG","25","Acropora",2
"MKN9341","JG","25","Acropora",14
"MKN9132","IUI_N","35","Acropora",3
"MKN9133","IUI_N","35","Acropora",8
"MKN9134","IUI_N","35","Acropora",8
"MKN9135","IUI_N","35","Acropora",1
"MKN9136","IUI_N","35","Acropora",2
"MKN9137","IUI_N","35","Acropora",1
"MKN9138","IUI_N","35","Acropora",3
"MKN9140","IUI_N","35","Acropora",2
"MKN9141","IUI_N","35","Acropora",4
"MKN9142","IUI_N","35","Acropora",5
"MKN9143","IUI_N","35","Acropora",3
"MKN9144","IUI_N","35","Acropora",2
"MKN9145","IUI_N","35","Acropora",5
"MKN9147","IUI_N","35","Acropora",3
"MKN9148","IUI_N","35","Acropora",1
"MKN9149","IUI_N","35","Acropora",5
"MKN9150","IUI_N","35","Acropora",1
"MKN9151","IUI_N","35","Acropora",1
"MKN9152","IUI_N","35","Acropora",1
"MKN9153","IUI_N","35","Acropora",1
"MKN9154","IUI_N","35","Acropora",10
"MKN9155","IUI_N","35","Acropora",7
"MKN9156","IUI_N","35","Acropora",5
"MKN9157","IUI_N","35","Acropora",3
"MKN9158","IUI_N","35","Acropora",2
"MKN8968","IUI_S","35","Acropora",2
"MKN8984","IUI_S","35","Acropora",1
"MKN8988","IUI_S","35","Acropora",1
"MKN9282","JG","35","Acropora",5
"MKN9283","JG","35","Acropora",2
"MKN9284","JG","35","Acropora",3
"MKN9285","JG","35","Acropora",3
"MKN9286","JG","35","Acropora",3
"MKN9287","JG","35","Acropora",6
"MKN9290","JG","35","Acropora",2
"MKN9291","JG","35","Acropora",3
"MKN9292","JG","35","Acropora",1
"MKN9293","JG","35","Acropora",2
"MKN9294","JG","35","Acropora",1
"MKN9296","JG","35","Acropora",1
"MKN9297","JG","35","Acropora",1
"MKN9298","JG","35","Acropora",1
"MKN9299","JG","35","Acropora",3
"MKN9300","JG","35","Acropora",7
"MKN9301","JG","35","Acropora",4
"MKN9302","JG","35","Acropora",5
"MKN9303","JG","35","Acropora",2
"MKN9304","JG","35","Acropora",3
"MKN9305","JG","35","Acropora",2
"MKN9306","JG","35","Acropora",1
"MKN9308","JG","35","Acropora",6
"MKN9309","JG","35","Acropora",4
"MKN9310","JG","35","Acropora",1
"MKN9311","JG","35","Acropora",4
"MKN9123","IUI_N","45","Acropora",1
"MKN9131","IUI_N","45","Acropora",1
"MKN8948","IUI_S","45","Acropora",4
"MKN8950","IUI_S","45","Acropora",1
"MKN9252","JG","45","Acropora",1
"MKN9253","JG","45","Acropora",2
"MKN9256","JG","45","Acropora",1
"MKN9014","IUI_S","25","Alveopora",2
"MKN8967","IUI_S","35","Alveopora",2
"MKN8979","IUI_S","35","Alveopora",1
"MKN8989","IUI_S","35","Alveopora",2
"MKN8990","IUI_S","35","Alveopora",1
"MKN9099","IUI_N","45","Alveopora",2
"MKN9100","IUI_N","45","Alveopora",3
"MKN9101","IUI_N","45","Alveopora",4
"MKN9102","IUI_N","45","Alveopora",4
"MKN9103","IUI_N","45","Alveopora",26
"MKN9104","IUI_N","45","Alveopora",5
"MKN9105","IUI_N","45","Alveopora",14
"MKN9106","IUI_N","45","Alveopora",4
"MKN9107","IUI_N","45","Alveopora",3
"MKN9109","IUI_N","45","Alveopora",2
"MKN9110","IUI_N","45","Alveopora",5
"MKN9111","IUI_N","45","Alveopora",6
"MKN9112","IUI_N","45","Alveopora",2
"MKN9113","IUI_N","45","Alveopora",4
"MKN9114","IUI_N","45","Alveopora",4
"MKN9115","IUI_N","45","Alveopora",3
"MKN9116","IUI_N","45","Alveopora",2
"MKN9117","IUI_N","45","Alveopora",3
"MKN9118","IUI_N","45","Alveopora",4
"MKN9119","IUI_N","45","Alveopora",2
"MKN9122","IUI_N","45","Alveopora",1
"MKN9123","IUI_N","45","Alveopora",1
"MKN9125","IUI_N","45","Alveopora",1
"MKN9127","IUI_N","45","Alveopora",1
"MKN8931","IUI_S","45","Alveopora",21
"MKN8936","IUI_S","45","Alveopora",12
"MKN8937","IUI_S","45","Alveopora",9
"MKN8938","IUI_S","45","Alveopora",16
"MKN8939","IUI_S","45","Alveopora",9
"MKN8940","IUI_S","45","Alveopora",26
"MKN8941","IUI_S","45","Alveopora",22
"MKN8942","IUI_S","45","Alveopora",25
"MKN8943","IUI_S","45","Alveopora",16
"MKN8944","IUI_S","45","Alveopora",8
"MKN8945","IUI_S","45","Alveopora",22
"MKN8946","IUI_S","45","Alveopora",16
"MKN8947","IUI_S","45","Alveopora",14
"MKN8948","IUI_S","45","Alveopora",18
"MKN8949","IUI_S","45","Alveopora",29
"MKN8950","IUI_S","45","Alveopora",18
"MKN8951","IUI_S","45","Alveopora",23
"MKN8952","IUI_S","45","Alveopora",24
"MKN8953","IUI_S","45","Alveopora",40
"MKN8954","IUI_S","45","Alveopora",40
"MKN8955","IUI_S","45","Alveopora",50
"MKN8956","IUI_S","45","Alveopora",48
"MKN8957","IUI_S","45","Alveopora",45
"MKN8958","IUI_S","45","Alveopora",59
"MKN8959","IUI_S","45","Alveopora",50
"MKN8960","IUI_S","45","Alveopora",38
"MKN8961","IUI_S","45","Alveopora",38
"MKN8962","IUI_S","45","Alveopora",36
"MKN8963","IUI_S","45","Alveopora",53
"MKN8964","IUI_S","45","Alveopora",49
"MKN8965","IUI_S","45","Alveopora",13
"MKN8966","IUI_S","45","Alveopora",21
"MKN9253","JG","45","Alveopora",9
"MKN9254","JG","45","Alveopora",8
"MKN9255","JG","45","Alveopora",3
"MKN9256","JG","45","Alveopora",8
"MKN9257","JG","45","Alveopora",10
"MKN9258","JG","45","Alveopora",2
"MKN9259","JG","45","Alveopora",8
"MKN9260","JG","45","Alveopora",7
"MKN9261","JG","45","Alveopora",4
"MKN9262","JG","45","Alveopora",1
"MKN9263","JG","45","Alveopora",4
"MKN9264","JG","45","Alveopora",4
"MKN9265","JG","45","Alveopora",14
"MKN9266","JG","45","Alveopora",2
"MKN9267","JG","45","Alveopora",4
"MKN9268","JG","45","Alveopora",2
"MKN9269","JG","45","Alveopora",4
"MKN9270","JG","45","Alveopora",5
"MKN9271","JG","45","Alveopora",1
"MKN9272","JG","45","Alveopora",2
"MKN9273","JG","45","Alveopora",4
"MKN9274","JG","45","Alveopora",2
"MKN9275","JG","45","Alveopora",1
"MKN9276","JG","45","Alveopora",1
"MKN9277","JG","45","Alveopora",2
"MKN9278","JG","45","Alveopora",1
"MKN9279","JG","45","Alveopora",6
"MKN9280","JG","45","Alveopora",1
"MKN9281","JG","45","Alveopora",1
"MKN9073","IUI_S","5","Astrea",1
"MKN9169","IUI_N","25","Astrea",9
"MKN9007","IUI_S","25","Astrea",1
"MKN9334","JG","25","Astrea",13
"MKN9282","JG","35","Astrea",4
"MKN9229","IUI_N","5","Astreopora",8
"MKN9233","IUI_N","5","Astreopora",1
"MKN9078","IUI_S","5","Astreopora",1
"MKN9395","JG","5","Astreopora",1
"MKN9194","IUI_N","15","Astreopora",1
"MKN9206","IUI_N","15","Astreopora",3
"MKN9207","IUI_N","15","Astreopora",2
"MKN9209","IUI_N","15","Astreopora",5
"MKN9212","IUI_N","15","Astreopora",1
"MKN9215","IUI_N","15","Astreopora",2
"MKN9216","IUI_N","15","Astreopora",1
"MKN9218","IUI_N","15","Astreopora",1
"MKN9033","IUI_S","15","Astreopora",3
"MKN9034","IUI_S","15","Astreopora",3
"MKN9037","IUI_S","15","Astreopora",1
"MKN9045","IUI_S","15","Astreopora",15
"MKN9344","JG","15","Astreopora",1
"MKN9350","JG","15","Astreopora",1
"MKN9355","JG","15","Astreopora",1
"MKN9357","JG","15","Astreopora",2
"MKN9358","JG","15","Astreopora",1
"MKN9364","JG","15","Astreopora",1
"MKN9365","JG","15","Astreopora",1
"MKN9159","IUI_N","25","Astreopora",1
"MKN9164","IUI_N","25","Astreopora",2
"MKN9165","IUI_N","25","Astreopora",1
"MKN9168","IUI_N","25","Astreopora",2
"MKN9170","IUI_N","25","Astreopora",1
"MKN9184","IUI_N","25","Astreopora",1
"MKN9185","IUI_N","25","Astreopora",3
"MKN9004","IUI_S","25","Astreopora",1
"MKN9005","IUI_S","25","Astreopora",3
"MKN9006","IUI_S","25","Astreopora",1
"MKN9007","IUI_S","25","Astreopora",10
"MKN9010","IUI_S","25","Astreopora",1
"MKN9011","IUI_S","25","Astreopora",3
"MKN9018","IUI_S","25","Astreopora",1
"MKN9025","IUI_S","25","Astreopora",1
"MKN9028","IUI_S","25","Astreopora",1
"MKN9340","JG","25","Astreopora",1
"MKN9153","IUI_N","35","Astreopora",3
"MKN9155","IUI_N","35","Astreopora",1
"MKN8971","IUI_S","35","Astreopora",2
"MKN8976","IUI_S","35","Astreopora",1
"MKN9287","JG","35","Astreopora",1
"MKN9301","JG","35","Astreopora",1
"MKN9108","IUI_N","45","Astreopora",2
"MKN9111","IUI_N","45","Astreopora",3
"MKN9120","IUI_N","45","Astreopora",2
"MKN9121","IUI_N","45","Astreopora",1
"MKN9123","IUI_N","45","Astreopora",2
"MKN9126","IUI_N","45","Astreopora",3
"MKN9254","JG","45","Astreopora",4
"MKN9261","JG","45","Astreopora",4
"MKN9266","JG","45","Astreopora",8
"MKN9277","JG","45","Astreopora",1
"MKN9278","JG","45","Astreopora",9
"MKN9279","JG","45","Astreopora",3
"MKN9281","JG","45","Astreopora",1
"MKN9317","JG","25","Blastomussa",3
"MKN9138","IUI_N","35","Blastomussa",1
"MKN9100","IUI_N","45","Blastomussa",1
"MKN9102","IUI_N","45","Blastomussa",1
"MKN9115","IUI_N","45","Blastomussa",1
"MKN9255","JG","45","Blastomussa",1
"MKN9087","IUI_S","5","Coscinaraea",2
"MKN9331","JG","25","Coscinaraea",4
"MKN9276","JG","45","Coscinaraea",1
"MKN8976","IUI_S","35","Cynarina",1
"MKN9087","IUI_S","5","Cyphastrea",3
"MKN9091","IUI_S","5","Cyphastrea",1
"MKN9093","IUI_S","5","Cyphastrea",1
"MKN9375","JG","5","Cyphastrea",1
"MKN9381","JG","5","Cyphastrea",1
"MKN9382","JG","5","Cyphastrea",1
"MKN9390","JG","5","Cyphastrea",1
"MKN9391","JG","5","Cyphastrea",1
"MKN9393","JG","5","Cyphastrea",1
"MKN9396","JG","5","Cyphastrea",2
"MKN9401","JG","5","Cyphastrea",1
"MKN9191","IUI_N","15","Cyphastrea",1
"MKN9197","IUI_N","15","Cyphastrea",1
"MKN9059","IUI_S","15","Cyphastrea",1
"MKN9353","JG","15","Cyphastrea",1
"MKN9358","JG","15","Cyphastrea",1
"MKN9313","JG","25","Cyphastrea",1
"MKN9329","JG","25","Cyphastrea",1
"MKN9341","JG","25","Cyphastrea",1
"MKN9304","JG","35","Cyphastrea",1
"MKN9311","JG","35","Cyphastrea",1
"MKN9122","IUI_N","45","Cyphastrea",2
"MKN9127","IUI_N","45","Cyphastrea",1
"MKN8956","IUI_S","45","Cyphastrea",1
"MKN9263","JG","45","Cyphastrea",1
"MKN9232","IUI_N","5","Dipsastraea",1
"MKN9234","IUI_N","5","Dipsastraea",2
"MKN9235","IUI_N","5","Dipsastraea",1
"MKN9070","IUI_S","5","Dipsastraea",1
"MKN9078","IUI_S","5","Dipsastraea",1
"MKN9080","IUI_S","5","Dipsastraea",1
"MKN9084","IUI_S","5","Dipsastraea",1
"MKN9085","IUI_S","5","Dipsastraea",1
"MKN9086","IUI_S","5","Dipsastraea",1
"MKN9096","IUI_S","5","Dipsastraea",1
"MKN9374","JG","5","Dipsastraea",2
"MKN9384","JG","5","Dipsastraea",1
"MKN9391","JG","5","Dipsastraea",1
"MKN9196","IUI_N","15","Dipsastraea",1
"MKN9201","IUI_N","15","Dipsastraea",1
"MKN9202","IUI_N","15","Dipsastraea",1
"MKN9203","IUI_N","15","Dipsastraea",2
"MKN9208","IUI_N","15","Dipsastraea",1
"MKN9209","IUI_N","15","Dipsastraea",2
"MKN9215","IUI_N","15","Dipsastraea",2
"MKN9216","IUI_N","15","Dipsastraea",1
"MKN9218","IUI_N","15","Dipsastraea",2
"MKN9219","IUI_N","15","Dipsastraea",1
"MKN9222","IUI_N","15","Dipsastraea",2
"MKN9224","IUI_N","15","Dipsastraea",1
"MKN9037","IUI_S","15","Dipsastraea",1
"MKN9050","IUI_S","15","Dipsastraea",1
"MKN9051","IUI_S","15","Dipsastraea",3
"MKN9060","IUI_S","15","Dipsastraea",1
"MKN9342","JG","15","Dipsastraea",1
"MKN9343","JG","15","Dipsastraea",1
"MKN9358","JG","15","Dipsastraea",4
"MKN9359","JG","15","Dipsastraea",6
"MKN9360","JG","15","Dipsastraea",5
"MKN9363","JG","15","Dipsastraea",1
"MKN9364","JG","15","Dipsastraea",2
"MKN9366","JG","15","Dipsastraea",1
"MKN9367","JG","15","Dipsastraea",3
"MKN9369","JG","15","Dipsastraea",1
"MKN9168","IUI_N","25","Dipsastraea",1
"MKN9169","IUI_N","25","Dipsastraea",1
"MKN9170","IUI_N","25","Dipsastraea",1
"MKN9171","IUI_N","25","Dipsastraea",2
"MKN9173","IUI_N","25","Dipsastraea",2
"MKN9005","IUI_S","25","Dipsastraea",1
"MKN9008","IUI_S","25","Dipsastraea",1
"MKN9014","IUI_S","25","Dipsastraea",1
"MKN9016","IUI_S","25","Dipsastraea",1
"MKN9023","IUI_S","25","Dipsastraea",1
"MKN9024","IUI_S","25","Dipsastraea",1
"MKN9027","IUI_S","25","Dipsastraea",1
"MKN9319","JG","25","Dipsastraea",1
"MKN9335","JG","25","Dipsastraea",1
"MKN9142","IUI_N","35","Dipsastraea",2
"MKN8968","IUI_S","35","Dipsastraea",1
"MKN8971","IUI_S","35","Dipsastraea",2
"MKN8972","IUI_S","35","Dipsastraea",2
"MKN8975","IUI_S","35","Dipsastraea",1
"MKN8976","IUI_S","35","Dipsastraea",1
"MKN8978","IUI_S","35","Dipsastraea",2
"MKN8986","IUI_S","35","Dipsastraea",2
"MKN8987","IUI_S","35","Dipsastraea",1
"MKN8988","IUI_S","35","Dipsastraea",1
"MKN8990","IUI_S","35","Dipsastraea",1
"MKN9002","IUI_S","35","Dipsastraea",2
"MKN9283","JG","35","Dipsastraea",2
"MKN9300","JG","35","Dipsastraea",3
"MKN9302","JG","35","Dipsastraea",1
"MKN9305","JG","35","Dipsastraea",1
"MKN9306","JG","35","Dipsastraea",1
"MKN9105","IUI_N","45","Dipsastraea",1
"MKN9108","IUI_N","45","Dipsastraea",1
"MKN9109","IUI_N","45","Dipsastraea",2
"MKN9110","IUI_N","45","Dipsastraea",1
"MKN9111","IUI_N","45","Dipsastraea",3
"MKN9114","IUI_N","45","Dipsastraea",1
"MKN9115","IUI_N","45","Dipsastraea",2
"MKN9116","IUI_N","45","Dipsastraea",1
"MKN9118","IUI_N","45","Dipsastraea",1
"MKN9119","IUI_N","45","Dipsastraea",2
"MKN9120","IUI_N","45","Dipsastraea",2
"MKN9121","IUI_N","45","Dipsastraea",1
"MKN9124","IUI_N","45","Dipsastraea",1
"MKN9125","IUI_N","45","Dipsastraea",2
"MKN9126","IUI_N","45","Dipsastraea",2
"MKN9127","IUI_N","45","Dipsastraea",1
"MKN9128","IUI_N","45","Dipsastraea",1
"MKN8931","IUI_S","45","Dipsastraea",2
"MKN8946","IUI_S","45","Dipsastraea",1
"MKN8949","IUI_S","45","Dipsastraea",1
"MKN8956","IUI_S","45","Dipsastraea",1
"MKN8957","IUI_S","45","Dipsastraea",2
"MKN8959","IUI_S","45","Dipsastraea",2
"MKN8964","IUI_S","45","Dipsastraea",1
"MKN9252","JG","45","Dipsastraea",1
"MKN9253","JG","45","Dipsastraea",2
"MKN9255","JG","45","Dipsastraea",2
"MKN9256","JG","45","Dipsastraea",1
"MKN9257","JG","45","Dipsastraea",2
"MKN9258","JG","45","Dipsastraea",2
"MKN9259","JG","45","Dipsastraea",3
"MKN9262","JG","45","Dipsastraea",3
"MKN9265","JG","45","Dipsastraea",1
"MKN9267","JG","45","Dipsastraea",2
"MKN9268","JG","45","Dipsastraea",1
"MKN9273","JG","45","Dipsastraea",1
"MKN9276","JG","45","Dipsastraea",2
"MKN9277","JG","45","Dipsastraea",2
"MKN9278","JG","45","Dipsastraea",2
"MKN9226","IUI_N","5","Echinophyllia",1
"MKN9239","IUI_N","5","Echinophyllia",1
"MKN9185","IUI_N","25","Echinophyllia",1
"MKN9007","IUI_S","25","Echinophyllia",1
"MKN9016","IUI_S","25","Echinophyllia",1
"MKN9029","IUI_S","25","Echinophyllia",1
"MKN9328","JG","25","Echinophyllia",1
"MKN9139","IUI_N","35","Echinophyllia",1
"MKN8996","IUI_S","35","Echinophyllia",1
"MKN9292","JG","35","Echinophyllia",2
"MKN9294","JG","35","Echinophyllia",1
"MKN9295","JG","35","Echinophyllia",1
"MKN9100","IUI_N","45","Echinophyllia",1
"MKN9101","IUI_N","45","Echinophyllia",1
"MKN9109","IUI_N","45","Echinophyllia",7
"MKN9111","IUI_N","45","Echinophyllia",10
"MKN9113","IUI_N","45","Echinophyllia",1
"MKN9118","IUI_N","45","Echinophyllia",3
"MKN9121","IUI_N","45","Echinophyllia",4
"MKN9123","IUI_N","45","Echinophyllia",7
"MKN9125","IUI_N","45","Echinophyllia",9
"MKN9126","IUI_N","45","Echinophyllia",2
"MKN9127","IUI_N","45","Echinophyllia",4
"MKN9129","IUI_N","45","Echinophyllia",1
"MKN9253","JG","45","Echinophyllia",1
"MKN9254","JG","45","Echinophyllia",1
"MKN9264","JG","45","Echinophyllia",1
"MKN9270","JG","45","Echinophyllia",1
"MKN9272","JG","45","Echinophyllia",1
"MKN9228","IUI_N","5","Echinopora",1
"MKN9230","IUI_N","5","Echinopora",2
"MKN9233","IUI_N","5","Echinopora",1
"MKN9234","IUI_N","5","Echinopora",1
"MKN9239","IUI_N","5","Echinopora",1
"MKN9250","IUI_N","5","Echinopora",1
"MKN9251","IUI_N","5","Echinopora",1
"MKN9079","IUI_S","5","Echinopora",3
"MKN9081","IUI_S","5","Echinopora",1
"MKN9086","IUI_S","5","Echinopora",3
"MKN9090","IUI_S","5","Echinopora",1
"MKN9372","JG","5","Echinopora",1
"MKN9373","JG","5","Echinopora",2
"MKN9374","JG","5","Echinopora",2
"MKN9375","JG","5","Echinopora",2
"MKN9376","JG","5","Echinopora",5
"MKN9377","JG","5","Echinopora",1
"MKN9379","JG","5","Echinopora",3
"MKN9380","JG","5","Echinopora",2
"MKN9382","JG","5","Echinopora",1
"MKN9383","JG","5","Echinopora",1
"MKN9384","JG","5","Echinopora",1
"MKN9385","JG","5","Echinopora",1
"MKN9389","JG","5","Echinopora",2
"MKN9390","JG","5","Echinopora",2
"MKN9391","JG","5","Echinopora",1
"MKN9393","JG","5","Echinopora",5
"MKN9394","JG","5","Echinopora",1
"MKN9395","JG","5","Echinopora",1
"MKN9396","JG","5","Echinopora",3
"MKN9400","JG","5","Echinopora",1
"MKN9191","IUI_N","15","Echinopora",1
"MKN9195","IUI_N","15","Echinopora",1
"MKN9197","IUI_N","15","Echinopora",1
"MKN9198","IUI_N","15","Echinopora",1
"MKN9201","IUI_N","15","Echinopora",1
"MKN9207","IUI_N","15","Echinopora",1
"MKN9208","IUI_N","15","Echinopora",3
"MKN9212","IUI_N","15","Echinopora",1
"MKN9217","IUI_N","15","Echinopora",1
"MKN9222","IUI_N","15","Echinopora",1
"MKN9342","JG","15","Echinopora",1
"MKN9344","JG","15","Echinopora",2
"MKN9346","JG","15","Echinopora",1
"MKN9347","JG","15","Echinopora",1
"MKN9351","JG","15","Echinopora",3
"MKN9353","JG","15","Echinopora",6
"MKN9354","JG","15","Echinopora",1
"MKN9358","JG","15","Echinopora",2
"MKN9360","JG","15","Echinopora",2
"MKN9361","JG","15","Echinopora",1
"MKN9365","JG","15","Echinopora",1
"MKN9366","JG","15","Echinopora",1
"MKN9367","JG","15","Echinopora",1
"MKN9368","JG","15","Echinopora",1
"MKN9159","IUI_N","25","Echinopora",1
"MKN9160","IUI_N","25","Echinopora",1
"MKN9161","IUI_N","25","Echinopora",1
"MKN9162","IUI_N","25","Echinopora",1
"MKN9164","IUI_N","25","Echinopora",3
"MKN9165","IUI_N","25","Echinopora",5
"MKN9166","IUI_N","25","Echinopora",5
"MKN9167","IUI_N","25","Echinopora",2
"MKN9169","IUI_N","25","Echinopora",2
"MKN9170","IUI_N","25","Echinopora",2
"MKN9171","IUI_N","25","Echinopora",1
"MKN9172","IUI_N","25","Echinopora",3
"MKN9173","IUI_N","25","Echinopora",2
"MKN9174","IUI_N","25","Echinopora",2
"MKN9175","IUI_N","25","Echinopora",5
"MKN9176","IUI_N","25","Echinopora",1
"MKN9177","IUI_N","25","Echinopora",1
"MKN9184","IUI_N","25","Echinopora",3
"MKN9185","IUI_N","25","Echinopora",7
"MKN9186","IUI_N","25","Echinopora",2
"MKN9187","IUI_N","25","Echinopora",11
"MKN9188","IUI_N","25","Echinopora",2
"MKN9189","IUI_N","25","Echinopora",3
"MKN9190","IUI_N","25","Echinopora",2
"MKN9013","IUI_S","25","Echinopora",1
"MKN9029","IUI_S","25","Echinopora",4
"MKN9315","JG","25","Echinopora",1
"MKN9318","JG","25","Echinopora",2
"MKN9320","JG","25","Echinopora",1
"MKN9321","JG","25","Echinopora",7
"MKN9322","JG","25","Echinopora",2
"MKN9323","JG","25","Echinopora",2
"MKN9325","JG","25","Echinopora",4
"MKN9326","JG","25","Echinopora",9
"MKN9327","JG","25","Echinopora",4
"MKN9329","JG","25","Echinopora",2
"MKN9330","JG","25","Echinopora",5
"MKN9332","JG","25","Echinopora",7
"MKN9333","JG","25","Echinopora",1
"MKN9334","JG","25","Echinopora",5
"MKN9335","JG","25","Echinopora",4
"MKN9336","JG","25","Echinopora",8
"MKN9337","JG","25","Echinopora",1
"MKN9338","JG","25","Echinopora",2
"MKN9339","JG","25","Echinopora",1
"MKN9132","IUI_N","35","Echinopora",4
"MKN9133","IUI_N","35","Echinopora",2
"MKN9134","IUI_N","35","Echinopora",3
"MKN9135","IUI_N","35","Echinopora",2
"MKN9136","IUI_N","35","Echinopora",3
"MKN9137","IUI_N","35","Echinopora",2
"MKN9138","IUI_N","35","Echinopora",4
"MKN9139","IUI_N","35","Echinopora",1
"MKN9140","IUI_N","35","Echinopora",1
"MKN9141","IUI_N","35","Echinopora",1
"MKN9143","IUI_N","35","Echinopora",3
"MKN9151","IUI_N","35","Echinopora",3
"MKN9152","IUI_N","35","Echinopora",9
"MKN9154","IUI_N","35","Echinopora",1
"MKN9155","IUI_N","35","Echinopora",5
"MKN9156","IUI_N","35","Echinopora",5
"MKN9157","IUI_N","35","Echinopora",4
"MKN8999","IUI_S","35","Echinopora",1
"MKN9000","IUI_S","35","Echinopora",2
"MKN9002","IUI_S","35","Echinopora",1
"MKN9282","JG","35","Echinopora",3
"MKN9287","JG","35","Echinopora",2
"MKN9290","JG","35","Echinopora",4
"MKN9291","JG","35","Echinopora",3
"MKN9292","JG","35","Echinopora",2
"MKN9293","JG","35","Echinopora",15
"MKN9294","JG","35","Echinopora",3
"MKN9295","JG","35","Echinopora",6
"MKN9296","JG","35","Echinopora",1
"MKN9299","JG","35","Echinopora",1
"MKN9302","JG","35","Echinopora",3
"MKN9303","JG","35","Echinopora",3
"MKN9304","JG","35","Echinopora",2
"MKN9305","JG","35","Echinopora",3
"MKN9306","JG","35","Echinopora",4
"MKN9307","JG","35","Echinopora",6
"MKN9308","JG","35","Echinopora",2
"MKN9309","JG","35","Echinopora",4
"MKN9311","JG","35","Echinopora",2
"MKN9100","IUI_N","45","Echinopora",2
"MKN9102","IUI_N","45","Echinopora",3
"MKN9112","IUI_N","45","Echinopora",1
"MKN9131","IUI_N","45","Echinopora",7
"MKN8946","IUI_S","45","Echinopora",1
"MKN8948","IUI_S","45","Echinopora",1
"MKN8950","IUI_S","45","Echinopora",1
"MKN8958","IUI_S","45","Echinopora",1
"MKN9257","JG","45","Echinopora",1
"MKN9265","JG","45","Echinopora",1
"MKN9232","IUI_N","5","Erythrastrea",1
"MKN9233","IUI_N","5","Erythrastrea",1
"MKN9093","IUI_S","5","Erythrastrea",1
"MKN9386","JG","5","Erythrastrea",1
"MKN9198","IUI_N","15","Erythrastrea",8
"MKN9220","IUI_N","15","Erythrastrea",1
"MKN9347","JG","15","Erythrastrea",1
"MKN9366","JG","15","Erythrastrea",1
"MKN9140","IUI_N","35","Erythrastrea",1
"MKN8986","IUI_S","35","Erythrastrea",2
"MKN9104","IUI_N","45","Euphyllia",1
"MKN9108","IUI_N","45","Euphyllia",2
"MKN9110","IUI_N","45","Euphyllia",1
"MKN9111","IUI_N","45","Euphyllia",4
"MKN9113","IUI_N","45","Euphyllia",2
"MKN9116","IUI_N","45","Euphyllia",2
"MKN9117","IUI_N","45","Euphyllia",2
"MKN9118","IUI_N","45","Euphyllia",1
"MKN9226","IUI_N","5","Favites",2
"MKN9229","IUI_N","5","Favites",1
"MKN9234","IUI_N","5","Favites",1
"MKN9235","IUI_N","5","Favites",1
"MKN9238","IUI_N","5","Favites",2
"MKN9240","IUI_N","5","Favites",1
"MKN9251","IUI_N","5","Favites",1
"MKN9068","IUI_S","5","Favites",1
"MKN9076","IUI_S","5","Favites",1
"MKN9077","IUI_S","5","Favites",1
"MKN9083","IUI_S","5","Favites",1
"MKN9085","IUI_S","5","Favites",1
"MKN9093","IUI_S","5","Favites",1
"MKN9376","JG","5","Favites",1
"MKN9204","IUI_N","15","Favites",1
"MKN9218","IUI_N","15","Favites",2
"MKN9221","IUI_N","15","Favites",1
"MKN9042","IUI_S","15","Favites",1
"MKN9044","IUI_S","15","Favites",1
"MKN9046","IUI_S","15","Favites",1
"MKN9052","IUI_S","15","Favites",1
"MKN9060","IUI_S","15","Favites",1
"MKN9342","JG","15","Favites",1
"MKN9344","JG","15","Favites",1
"MKN9352","JG","15","Favites",1
"MKN9355","JG","15","Favites",2
"MKN9358","JG","15","Favites",1
"MKN9363","JG","15","Favites",2
"MKN9368","JG","15","Favites",2
"MKN9162","IUI_N","25","Favites",1
"MKN9165","IUI_N","25","Favites",1
"MKN9169","IUI_N","25","Favites",1
"MKN9183","IUI_N","25","Favites",1
"MKN9190","IUI_N","25","Favites",1
"MKN9008","IUI_S","25","Favites",1
"MKN9014","IUI_S","25","Favites",1
"MKN9324","JG","25","Favites",1
"MKN9330","JG","25","Favites",1
"MKN9133","IUI_N","35","Favites",1
"MKN9152","IUI_N","35","Favites",2
"MKN8974","IUI_S","35","Favites",1
"MKN9000","IUI_S","35","Favites",1
"MKN9002","IUI_S","35","Favites",1
"MKN9286","JG","35","Favites",3
"MKN9287","JG","35","Favites",1
"MKN9288","JG","35","Favites",1
"MKN9289","JG","35","Favites",1
"MKN9292","JG","35","Favites",2
"MKN9296","JG","35","Favites",1
"MKN9310","JG","35","Favites",3
"MKN9311","JG","35","Favites",1
"MKN9099","IUI_N","45","Favites",4
"MKN9100","IUI_N","45","Favites",1
"MKN9102","IUI_N","45","Favites",1
"MKN9103","IUI_N","45","Favites",2
"MKN9104","IUI_N","45","Favites",1
"MKN9105","IUI_N","45","Favites",1
"MKN9108","IUI_N","45","Favites",9
"MKN9111","IUI_N","45","Favites",1
"MKN9114","IUI_N","45","Favites",1
"MKN9115","IUI_N","45","Favites",4
"MKN9116","IUI_N","45","Favites",1
"MKN9119","IUI_N","45","Favites",2
"MKN9120","IUI_N","45","Favites",5
"MKN9122","IUI_N","45","Favites",1
"MKN9123","IUI_N","45","Favites",1
"MKN9127","IUI_N","45","Favites",3
"MKN8944","IUI_S","45","Favites",2
"MKN8948","IUI_S","45","Favites",1
"MKN8949","IUI_S","45","Favites",1
"MKN8960","IUI_S","45","Favites",2
"MKN9255","JG","45","Favites",1
"MKN9257","JG","45","Favites",1
"MKN9260","JG","45","Favites",2
"MKN9261","JG","45","Favites",1
"MKN9262","JG","45","Favites",2
"MKN9263","JG","45","Favites",4
"MKN9264","JG","45","Favites",2
"MKN9265","JG","45","Favites",1
"MKN9268","JG","45","Favites",5
"MKN9272","JG","45","Favites",4
"MKN9273","JG","45","Favites",3
"MKN9275","JG","45","Favites",4
"MKN9277","JG","45","Favites",1
"MKN9247","IUI_N","5","Fungia",1
"MKN9085","IUI_S","5","Fungia",1
"MKN9094","IUI_S","5","Fungia",1
"MKN9380","JG","5","Fungia",1
"MKN9195","IUI_N","15","Fungia",1
"MKN9325","JG","25","Fungia",1
"MKN9138","IUI_N","35","Fungia",2
"MKN9139","IUI_N","35","Fungia",1
"MKN9158","IUI_N","35","Fungia",2
"MKN9390","JG","5","Galaxea",1
"MKN9196","IUI_N","15","Galaxea",1
"MKN9202","IUI_N","15","Galaxea",1
"MKN9035","IUI_S","15","Galaxea",1
"MKN9348","JG","15","Galaxea",2
"MKN9354","JG","15","Galaxea",1
"MKN9018","IUI_S","25","Galaxea",4
"MKN9141","IUI_N","35","Galaxea",1
"MKN9145","IUI_N","35","Galaxea",2
"MKN9289","JG","35","Galaxea",1
"MKN9127","IUI_N","45","Galaxea",2
"MKN8965","IUI_S","45","Galaxea",5
"MKN8966","IUI_S","45","Galaxea",2
"MKN9267","JG","45","Galaxea",1
"MKN9229","IUI_N","5","Goniastrea",1
"MKN9230","IUI_N","5","Goniastrea",3
"MKN9232","IUI_N","5","Goniastrea",1
"MKN9234","IUI_N","5","Goniastrea",5
"MKN9235","IUI_N","5","Goniastrea",1
"MKN9236","IUI_N","5","Goniastrea",2
"MKN9238","IUI_N","5","Goniastrea",1
"MKN9239","IUI_N","5","Goniastrea",5
"MKN9244","IUI_N","5","Goniastrea",2
"MKN9245","IUI_N","5","Goniastrea",4
"MKN9247","IUI_N","5","Goniastrea",2
"MKN9248","IUI_N","5","Goniastrea",1
"MKN9249","IUI_N","5","Goniastrea",4
"MKN9250","IUI_N","5","Goniastrea",1
"MKN9251","IUI_N","5","Goniastrea",1
"MKN9065","IUI_S","5","Goniastrea",2
"MKN9067","IUI_S","5","Goniastrea",1
"MKN9073","IUI_S","5","Goniastrea",2
"MKN9074","IUI_S","5","Goniastrea",1
"MKN9076","IUI_S","5","Goniastrea",4
"MKN9077","IUI_S","5","Goniastrea",4
"MKN9080","IUI_S","5","Goniastrea",2
"MKN9081","IUI_S","5","Goniastrea",1
"MKN9082","IUI_S","5","Goniastrea",1
"MKN9085","IUI_S","5","Goniastrea",1
"MKN9086","IUI_S","5","Goniastrea",2
"MKN9088","IUI_S","5","Goniastrea",1
"MKN9089","IUI_S","5","Goniastrea",1
"MKN9091","IUI_S","5","Goniastrea",1
"MKN9093","IUI_S","5","Goniastrea",3
"MKN9096","IUI_S","5","Goniastrea",1
"MKN9372","JG","5","Goniastrea",2
"MKN9373","JG","5","Goniastrea",1
"MKN9374","JG","5","Goniastrea",2
"MKN9375","JG","5","Goniastrea",3
"MKN9376","JG","5","Goniastrea",1
"MKN9377","JG","5","Goniastrea",3
"MKN9378","JG","5","Goniastrea",4
"MKN9379","JG","5","Goniastrea",5
"MKN9380","JG","5","Goniastrea",5
"MKN9381","JG","5","Goniastrea",5
"MKN9382","JG","5","Goniastrea",2
"MKN9383","JG","5","Goniastrea",1
"MKN9384","JG","5","Goniastrea",5
"MKN9385","JG","5","Goniastrea",1
"MKN9387","JG","5","Goniastrea",5
"MKN9388","JG","5","Goniastrea",2
"MKN9389","JG","5","Goniastrea",1
"MKN9390","JG","5","Goniastrea",2
"MKN9391","JG","5","Goniastrea",3
"MKN9392","JG","5","Goniastrea",8
"MKN9393","JG","5","Goniastrea",4
"MKN9394","JG","5","Goniastrea",9
"MKN9395","JG","5","Goniastrea",2
"MKN9397","JG","5","Goniastrea",2
"MKN9398","JG","5","Goniastrea",3
"MKN9399","JG","5","Goniastrea",1
"MKN9400","JG","5","Goniastrea",3
"MKN9401","JG","5","Goniastrea",2
"MKN9191","IUI_N","15","Goniastrea",1
"MKN9192","IUI_N","15","Goniastrea",2
"MKN9194","IUI_N","15","Goniastrea",1
"MKN9202","IUI_N","15","Goniastrea",1
"MKN9034","IUI_S","15","Goniastrea",3
"MKN9041","IUI_S","15","Goniastrea",1
"MKN9045","IUI_S","15","Goniastrea",1
"MKN9052","IUI_S","15","Goniastrea",1
"MKN9361","JG","15","Goniastrea",1
"MKN9362","JG","15","Goniastrea",2
"MKN9363","JG","15","Goniastrea",1
"MKN9367","JG","15","Goniastrea",1
"MKN9370","JG","15","Goniastrea",2
"MKN9371","JG","15","Goniastrea",2
"MKN9159","IUI_N","25","Goniastrea",1
"MKN9161","IUI_N","25","Goniastrea",1
"MKN9162","IUI_N","25","Goniastrea",2
"MKN9164","IUI_N","25","Goniastrea",1
"MKN9165","IUI_N","25","Goniastrea",1
"MKN9166","IUI_N","25","Goniastrea",2
"MKN9167","IUI_N","25","Goniastrea",1
"MKN9168","IUI_N","25","Goniastrea",2
"MKN9169","IUI_N","25","Goniastrea",1
"MKN9170","IUI_N","25","Goniastrea",5
"MKN9171","IUI_N","25","Goniastrea",2
"MKN9172","IUI_N","25","Goniastrea",2
"MKN9173","IUI_N","25","Goniastrea",5
"MKN9174","IUI_N","25","Goniastrea",1
"MKN9175","IUI_N","25","Goniastrea",1
"MKN9179","IUI_N","25","Goniastrea",1
"MKN9183","IUI_N","25","Goniastrea",2
"MKN9185","IUI_N","25","Goniastrea",2
"MKN9187","IUI_N","25","Goniastrea",4
"MKN9190","IUI_N","25","Goniastrea",1
"MKN9008","IUI_S","25","Goniastrea",4
"MKN9023","IUI_S","25","Goniastrea",2
"MKN9312","JG","25","Goniastrea",1
"MKN9314","JG","25","Goniastrea",1
"MKN9315","JG","25","Goniastrea",1
"MKN9317","JG","25","Goniastrea",2
"MKN9318","JG","25","Goniastrea",1
"MKN9319","JG","25","Goniastrea",1
"MKN9320","JG","25","Goniastrea",2
"MKN9321","JG","25","Goniastrea",4
"MKN9323","JG","25","Goniastrea",1
"MKN9324","JG","25","Goniastrea",1
"MKN9326","JG","25","Goniastrea",3
"MKN9327","JG","25","Goniastrea",2
"MKN9328","JG","25","Goniastrea",1
"MKN9329","JG","25","Goniastrea",2
"MKN9330","JG","25","Goniastrea",2
"MKN9331","JG","25","Goniastrea",3
"MKN9334","JG","25","Goniastrea",1
"MKN9336","JG","25","Goniastrea",3
"MKN9338","JG","25","Goniastrea",1
"MKN9341","JG","25","Goniastrea",1
"MKN9133","IUI_N","35","Goniastrea",3
"MKN9134","IUI_N","35","Goniastrea",10
"MKN9135","IUI_N","35","Goniastrea",2
"MKN9137","IUI_N","35","Goniastrea",1
"MKN9138","IUI_N","35","Goniastrea",2
"MKN9139","IUI_N","35","Goniastrea",2
"MKN9141","IUI_N","35","Goniastrea",1
"MKN9142","IUI_N","35","Goniastrea",7
"MKN9143","IUI_N","35","Goniastrea",2
"MKN9144","IUI_N","35","Goniastrea",1
"MKN9145","IUI_N","35","Goniastrea",2
"MKN9146","IUI_N","35","Goniastrea",1
"MKN9147","IUI_N","35","Goniastrea",3
"MKN9152","IUI_N","35","Goniastrea",3
"MKN9154","IUI_N","35","Goniastrea",1
"MKN9155","IUI_N","35","Goniastrea",4
"MKN9156","IUI_N","35","Goniastrea",1
"MKN9157","IUI_N","35","Goniastrea",1
"MKN8974","IUI_S","35","Goniastrea",1
"MKN8993","IUI_S","35","Goniastrea",1
"MKN9002","IUI_S","35","Goniastrea",1
"MKN9285","JG","35","Goniastrea",5
"MKN9291","JG","35","Goniastrea",7
"MKN9292","JG","35","Goniastrea",7
"MKN9293","JG","35","Goniastrea",5
"MKN9296","JG","35","Goniastrea",4
"MKN9300","JG","35","Goniastrea",2
"MKN9301","JG","35","Goniastrea",5
"MKN9302","JG","35","Goniastrea",5
"MKN9303","JG","35","Goniastrea",2
"MKN9304","JG","35","Goniastrea",4
"MKN9305","JG","35","Goniastrea",6
"MKN9306","JG","35","Goniastrea",2
"MKN9307","JG","35","Goniastrea",3
"MKN9309","JG","35","Goniastrea",2
"MKN9127","IUI_N","45","Goniastrea",2
"MKN9131","IUI_N","45","Goniastrea",2
"MKN8965","IUI_S","45","Goniastrea",1
"MKN9373","JG","5","Goniopora",2
"MKN9221","IUI_N","15","Goniopora",1
"MKN9297","JG","35","Goniopora",1
"MKN9126","IUI_N","45","Goniopora",1
"MKN8940","IUI_S","45","Goniopora",1
"MKN9260","JG","45","Goniopora",1
"MKN9219","IUI_N","15","Gyrosmilia",1
"MKN9221","IUI_N","15","Gyrosmilia",1
"MKN9035","IUI_S","15","Gyrosmilia",1
"MKN9036","IUI_S","15","Gyrosmilia",1
"MKN9038","IUI_S","15","Gyrosmilia",1
"MKN9041","IUI_S","15","Gyrosmilia",1
"MKN9049","IUI_S","15","Gyrosmilia",1
"MKN9050","IUI_S","15","Gyrosmilia",1
"MKN9051","IUI_S","15","Gyrosmilia",1
"MKN9052","IUI_S","15","Gyrosmilia",2
"MKN9057","IUI_S","15","Gyrosmilia",1
"MKN9004","IUI_S","25","Gyrosmilia",2
"MKN9005","IUI_S","25","Gyrosmilia",2
"MKN9006","IUI_S","25","Gyrosmilia",5
"MKN9008","IUI_S","25","Gyrosmilia",4
"MKN9009","IUI_S","25","Gyrosmilia",3
"MKN9010","IUI_S","25","Gyrosmilia",1
"MKN9011","IUI_S","25","Gyrosmilia",2
"MKN9012","IUI_S","25","Gyrosmilia",1
"MKN9013","IUI_S","25","Gyrosmilia",1
"MKN9014","IUI_S","25","Gyrosmilia",5
"MKN9015","IUI_S","25","Gyrosmilia",7
"MKN9016","IUI_S","25","Gyrosmilia",5
"MKN9017","IUI_S","25","Gyrosmilia",1
"MKN9019","IUI_S","25","Gyrosmilia",3
"MKN9020","IUI_S","25","Gyrosmilia",4
"MKN9021","IUI_S","25","Gyrosmilia",2
"MKN9022","IUI_S","25","Gyrosmilia",8
"MKN9023","IUI_S","25","Gyrosmilia",7
"MKN9024","IUI_S","25","Gyrosmilia",3
"MKN9025","IUI_S","25","Gyrosmilia",6
"MKN9026","IUI_S","25","Gyrosmilia",5
"MKN9027","IUI_S","25","Gyrosmilia",14
"MKN9028","IUI_S","25","Gyrosmilia",3
"MKN9029","IUI_S","25","Gyrosmilia",8
"MKN8967","IUI_S","35","Gyrosmilia",2
"MKN8968","IUI_S","35","Gyrosmilia",6
"MKN8969","IUI_S","35","Gyrosmilia",3
"MKN8970","IUI_S","35","Gyrosmilia",9
"MKN8971","IUI_S","35","Gyrosmilia",15
"MKN8972","IUI_S","35","Gyrosmilia",1
"MKN8973","IUI_S","35","Gyrosmilia",7
"MKN8974","IUI_S","35","Gyrosmilia",3
"MKN8975","IUI_S","35","Gyrosmilia",4
"MKN8976","IUI_S","35","Gyrosmilia",3
"MKN8977","IUI_S","35","Gyrosmilia",3
"MKN8978","IUI_S","35","Gyrosmilia",4
"MKN8980","IUI_S","35","Gyrosmilia",5
"MKN8981","IUI_S","35","Gyrosmilia",5
"MKN8982","IUI_S","35","Gyrosmilia",4
"MKN8983","IUI_S","35","Gyrosmilia",6
"MKN8984","IUI_S","35","Gyrosmilia",4
"MKN8985","IUI_S","35","Gyrosmilia",1
"MKN8986","IUI_S","35","Gyrosmilia",4
"MKN8987","IUI_S","35","Gyrosmilia",2
"MKN8988","IUI_S","35","Gyrosmilia",3
"MKN8989","IUI_S","35","Gyrosmilia",5
"MKN8990","IUI_S","35","Gyrosmilia",2
"MKN8991","IUI_S","35","Gyrosmilia",2
"MKN8992","IUI_S","35","Gyrosmilia",1
"MKN8993","IUI_S","35","Gyrosmilia",7
"MKN8994","IUI_S","35","Gyrosmilia",3
"MKN8995","IUI_S","35","Gyrosmilia",3
"MKN8996","IUI_S","35","Gyrosmilia",9
"MKN8997","IUI_S","35","Gyrosmilia",8
"MKN8998","IUI_S","35","Gyrosmilia",5
"MKN9001","IUI_S","35","Gyrosmilia",2
"MKN9002","IUI_S","35","Gyrosmilia",3
"MKN9100","IUI_N","45","Gyrosmilia",1
"MKN9101","IUI_N","45","Gyrosmilia",1
"MKN9104","IUI_N","45","Gyrosmilia",1
"MKN9106","IUI_N","45","Gyrosmilia",2
"MKN9108","IUI_N","45","Gyrosmilia",1
"MKN9109","IUI_N","45","Gyrosmilia",1
"MKN9112","IUI_N","45","Gyrosmilia",1
"MKN9113","IUI_N","45","Gyrosmilia",1
"MKN9116","IUI_N","45","Gyrosmilia",1
"MKN9117","IUI_N","45","Gyrosmilia",2
"MKN9122","IUI_N","45","Gyrosmilia",2
"MKN9123","IUI_N","45","Gyrosmilia",2
"MKN9125","IUI_N","45","Gyrosmilia",1
"MKN9126","IUI_N","45","Gyrosmilia",2
"MKN9127","IUI_N","45","Gyrosmilia",1
"MKN9130","IUI_N","45","Gyrosmilia",1
"MKN8938","IUI_S","45","Gyrosmilia",1
"MKN9255","JG","45","Gyrosmilia",1
"MKN9256","JG","45","Gyrosmilia",1
"MKN9260","JG","45","Gyrosmilia",1
"MKN9261","JG","45","Gyrosmilia",1
"MKN9269","JG","45","Gyrosmilia",1
"MKN9272","JG","45","Gyrosmilia",1
"MKN9273","JG","45","Gyrosmilia",2
"MKN9274","JG","45","Gyrosmilia",1
"MKN9278","JG","45","Gyrosmilia",4
"MKN9281","JG","45","Gyrosmilia",1
"MKN9226","IUI_N","5","HC",2
"MKN9230","IUI_N","5","HC",1
"MKN9231","IUI_N","5","HC",1
"MKN9232","IUI_N","5","HC",1
"MKN9233","IUI_N","5","HC",1
"MKN9234","IUI_N","5","HC",1
"MKN9235","IUI_N","5","HC",1
"MKN9236","IUI_N","5","HC",4
"MKN9237","IUI_N","5","HC",1
"MKN9240","IUI_N","5","HC",1
"MKN9242","IUI_N","5","HC",3
"MKN9243","IUI_N","5","HC",2
"MKN9245","IUI_N","5","HC",1
"MKN9246","IUI_N","5","HC",2
"MKN9247","IUI_N","5","HC",1
"MKN9251","IUI_N","5","HC",1
"MKN9066","IUI_S","5","HC",1
"MKN9067","IUI_S","5","HC",2
"MKN9068","IUI_S","5","HC",4
"MKN9069","IUI_S","5","HC",1
"MKN9071","IUI_S","5","HC",3
"MKN9072","IUI_S","5","HC",1
"MKN9077","IUI_S","5","HC",6
"MKN9078","IUI_S","5","HC",1
"MKN9079","IUI_S","5","HC",2
"MKN9080","IUI_S","5","HC",1
"MKN9085","IUI_S","5","HC",1
"MKN9087","IUI_S","5","HC",1
"MKN9088","IUI_S","5","HC",1
"MKN9089","IUI_S","5","HC",2
"MKN9090","IUI_S","5","HC",1
"MKN9091","IUI_S","5","HC",1
"MKN9096","IUI_S","5","HC",1
"MKN9374","JG","5","HC",3
"MKN9376","JG","5","HC",1
"MKN9377","JG","5","HC",1
"MKN9378","JG","5","HC",2
"MKN9379","JG","5","HC",2
"MKN9380","JG","5","HC",1
"MKN9381","JG","5","HC",1
"MKN9382","JG","5","HC",1
"MKN9384","JG","5","HC",1
"MKN9386","JG","5","HC",5
"MKN9387","JG","5","HC",1
"MKN9389","JG","5","HC",1
"MKN9391","JG","5","HC",2
"MKN9394","JG","5","HC",1
"MKN9397","JG","5","HC",1
"MKN9399","JG","5","HC",2
"MKN9400","JG","5","HC",1
"MKN9401","JG","5","HC",1
"MKN9193","IUI_N","15","HC",1
"MKN9194","IUI_N","15","HC",1
"MKN9198","IUI_N","15","HC",2
"MKN9199","IUI_N","15","HC",2
"MKN9201","IUI_N","15","HC",1
"MKN9203","IUI_N","15","HC",1
"MKN9204","IUI_N","15","HC",1
"MKN9207","IUI_N","15","HC",2
"MKN9210","IUI_N","15","HC",1
"MKN9213","IUI_N","15","HC",2
"MKN9215","IUI_N","15","HC",1
"MKN9218","IUI_N","15","HC",1
"MKN9221","IUI_N","15","HC",1
"MKN9224","IUI_N","15","HC",1
"MKN9033","IUI_S","15","HC",2
"MKN9034","IUI_S","15","HC",1
"MKN9046","IUI_S","15","HC",1
"MKN9049","IUI_S","15","HC",1
"MKN9052","IUI_S","15","HC",1
"MKN9054","IUI_S","15","HC",2
"MKN9058","IUI_S","15","HC",1
"MKN9059","IUI_S","15","HC",1
"MKN9060","IUI_S","15","HC",1
"MKN9061","IUI_S","15","HC",2
"MKN9064","IUI_S","15","HC",1
"MKN9343","JG","15","HC",2
"MKN9346","JG","15","HC",1
"MKN9347","JG","15","HC",1
"MKN9348","JG","15","HC",4
"MKN9349","JG","15","HC",1
"MKN9351","JG","15","HC",1
"MKN9352","JG","15","HC",1
"MKN9357","JG","15","HC",1
"MKN9358","JG","15","HC",1
"MKN9359","JG","15","HC",1
"MKN9360","JG","15","HC",1
"MKN9362","JG","15","HC",1
"MKN9368","JG","15","HC",1
"MKN9370","JG","15","HC",1
"MKN9371","JG","15","HC",3
"MKN9159","IUI_N","25","HC",3
"MKN9160","IUI_N","25","HC",5
"MKN9161","IUI_N","25","HC",5
"MKN9162","IUI_N","25","HC",5
"MKN9164","IUI_N","25","HC",2
"MKN9165","IUI_N","25","HC",6
"MKN9166","IUI_N","25","HC",1
"MKN9167","IUI_N","25","HC",4
"MKN9168","IUI_N","25","HC",3
"MKN9169","IUI_N","25","HC",3
"MKN9170","IUI_N","25","HC",6
"MKN9171","IUI_N","25","HC",13
"MKN9172","IUI_N","25","HC",2
"MKN9173","IUI_N","25","HC",6
"MKN9174","IUI_N","25","HC",2
"MKN9175","IUI_N","25","HC",8
"MKN9176","IUI_N","25","HC",4
"MKN9177","IUI_N","25","HC",2
"MKN9179","IUI_N","25","HC",8
"MKN9180","IUI_N","25","HC",5
"MKN9182","IUI_N","25","HC",4
"MKN9184","IUI_N","25","HC",3
"MKN9186","IUI_N","25","HC",2
"MKN9187","IUI_N","25","HC",2
"MKN9188","IUI_N","25","HC",3
"MKN9189","IUI_N","25","HC",3
"MKN9190","IUI_N","25","HC",1
"MKN9004","IUI_S","25","HC",1
"MKN9006","IUI_S","25","HC",1
"MKN9007","IUI_S","25","HC",1
"MKN9015","IUI_S","25","HC",1
"MKN9017","IUI_S","25","HC",1
"MKN9018","IUI_S","25","HC",1
"MKN9020","IUI_S","25","HC",2
"MKN9024","IUI_S","25","HC",1
"MKN9025","IUI_S","25","HC",1
"MKN9027","IUI_S","25","HC",1
"MKN9312","JG","25","HC",2
"MKN9314","JG","25","HC",2
"MKN9315","JG","25","HC",5
"MKN9316","JG","25","HC",3
"MKN9317","JG","25","HC",7
"MKN9318","JG","25","HC",3
"MKN9319","JG","25","HC",2
"MKN9320","JG","25","HC",2
"MKN9321","JG","25","HC",5
"MKN9322","JG","25","HC",2
"MKN9324","JG","25","HC",4
"MKN9325","JG","25","HC",1
"MKN9326","JG","25","HC",4
"MKN9327","JG","25","HC",3
"MKN9328","JG","25","HC",4
"MKN9329","JG","25","HC",3
"MKN9330","JG","25","HC",3
"MKN9331","JG","25","HC",3
"MKN9332","JG","25","HC",3
"MKN9333","JG","25","HC",4
"MKN9334","JG","25","HC",2
"MKN9335","JG","25","HC",2
"MKN9336","JG","25","HC",2
"MKN9337","JG","25","HC",2
"MKN9338","JG","25","HC",1
"MKN9339","JG","25","HC",3
"MKN9340","JG","25","HC",4
"MKN9132","IUI_N","35","HC",9
"MKN9133","IUI_N","35","HC",5
"MKN9134","IUI_N","35","HC",11
"MKN9135","IUI_N","35","HC",3
"MKN9136","IUI_N","35","HC",6
"MKN9137","IUI_N","35","HC",11
"MKN9138","IUI_N","35","HC",5
"MKN9139","IUI_N","35","HC",5
"MKN9140","IUI_N","35","HC",3
"MKN9141","IUI_N","35","HC",16
"MKN9142","IUI_N","35","HC",2
"MKN9143","IUI_N","35","HC",12
"MKN9144","IUI_N","35","HC",6
"MKN9145","IUI_N","35","HC",5
"MKN9146","IUI_N","35","HC",7
"MKN9147","IUI_N","35","HC",3
"MKN9148","IUI_N","35","HC",5
"MKN9149","IUI_N","35","HC",3
"MKN9150","IUI_N","35","HC",2
"MKN9151","IUI_N","35","HC",4
"MKN9152","IUI_N","35","HC",9
"MKN9153","IUI_N","35","HC",2
"MKN9154","IUI_N","35","HC",8
"MKN9155","IUI_N","35","HC",7
"MKN9156","IUI_N","35","HC",1
"MKN9157","IUI_N","35","HC",2
"MKN9158","IUI_N","35","HC",2
"MKN8969","IUI_S","35","HC",1
"MKN8970","IUI_S","35","HC",1
"MKN8971","IUI_S","35","HC",1
"MKN8972","IUI_S","35","HC",1
"MKN8973","IUI_S","35","HC",2
"MKN8974","IUI_S","35","HC",3
"MKN8975","IUI_S","35","HC",1
"MKN8976","IUI_S","35","HC",1
"MKN8977","IUI_S","35","HC",1
"MKN8979","IUI_S","35","HC",3
"MKN8982","IUI_S","35","HC",1
"MKN8986","IUI_S","35","HC",1
"MKN8988","IUI_S","35","HC",1
"MKN8989","IUI_S","35","HC",1
"MKN8991","IUI_S","35","HC",1
"MKN8993","IUI_S","35","HC",1
"MKN8994","IUI_S","35","HC",1
"MKN8996","IUI_S","35","HC",1
"MKN8997","IUI_S","35","HC",1
"MKN8998","IUI_S","35","HC",2
"MKN9002","IUI_S","35","HC",1
"MKN9282","JG","35","HC",3
"MKN9283","JG","35","HC",7
"MKN9284","JG","35","HC",12
"MKN9285","JG","35","HC",2
"MKN9286","JG","35","HC",8
"MKN9287","JG","35","HC",12
"MKN9288","JG","35","HC",3
"MKN9289","JG","35","HC",4
"MKN9290","JG","35","HC",3
"MKN9291","JG","35","HC",7
"MKN9292","JG","35","HC",8
"MKN9293","JG","35","HC",3
"MKN9294","JG","35","HC",12
"MKN9295","JG","35","HC",3
"MKN9296","JG","35","HC",7
"MKN9297","JG","35","HC",12
"MKN9298","JG","35","HC",5
"MKN9299","JG","35","HC",4
"MKN9300","JG","35","HC",2
"MKN9301","JG","35","HC",5
"MKN9302","JG","35","HC",2
"MKN9303","JG","35","HC",7
"MKN9304","JG","35","HC",4
"MKN9305","JG","35","HC",4
"MKN9306","JG","35","HC",3
"MKN9307","JG","35","HC",1
"MKN9308","JG","35","HC",2
"MKN9309","JG","35","HC",2
"MKN9310","JG","35","HC",6
"MKN9311","JG","35","HC",1
"MKN9099","IUI_N","45","HC",3
"MKN9100","IUI_N","45","HC",1
"MKN9101","IUI_N","45","HC",1
"MKN9102","IUI_N","45","HC",5
"MKN9103","IUI_N","45","HC",2
"MKN9104","IUI_N","45","HC",5
"MKN9105","IUI_N","45","HC",4
"MKN9106","IUI_N","45","HC",1
"MKN9107","IUI_N","45","HC",1
"MKN9109","IUI_N","45","HC",2
"MKN9111","IUI_N","45","HC",2
"MKN9115","IUI_N","45","HC",3
"MKN9117","IUI_N","45","HC",3
"MKN9118","IUI_N","45","HC",1
"MKN9119","IUI_N","45","HC",2
"MKN9120","IUI_N","45","HC",2
"MKN9121","IUI_N","45","HC",1
"MKN9123","IUI_N","45","HC",3
"MKN9124","IUI_N","45","HC",2
"MKN9127","IUI_N","45","HC",4
"MKN9128","IUI_N","45","HC",1
"MKN9129","IUI_N","45","HC",4
"MKN9130","IUI_N","45","HC",3
"MKN9131","IUI_N","45","HC",7
"MKN8931","IUI_S","45","HC",1
"MKN8937","IUI_S","45","HC",2
"MKN8939","IUI_S","45","HC",6
"MKN8940","IUI_S","45","HC",1
"MKN8941","IUI_S","45","HC",2
"MKN8942","IUI_S","45","HC",3
"MKN8944","IUI_S","45","HC",1
"MKN8945","IUI_S","45","HC",6
"MKN8946","IUI_S","45","HC",2
"MKN8947","IUI_S","45","HC",1
"MKN8949","IUI_S","45","HC",2
"MKN8950","IUI_S","45","HC",2
"MKN8955","IUI_S","45","HC",1
"MKN8956","IUI_S","45","HC",1
"MKN8960","IUI_S","45","HC",1
"MKN8962","IUI_S","45","HC",2
"MKN8964","IUI_S","45","HC",1
"MKN8965","IUI_S","45","HC",1
"MKN9252","JG","45","HC",2
"MKN9253","JG","45","HC",3
"MKN9254","JG","45","HC",3
"MKN9256","JG","45","HC",2
"MKN9257","JG","45","HC",2
"MKN9258","JG","45","HC",1
"MKN9261","JG","45","HC",5
"MKN9262","JG","45","HC",4
"MKN9263","JG","45","HC",3
"MKN9265","JG","45","HC",2
"MKN9266","JG","45","HC",4
"MKN9268","JG","45","HC",2
"MKN9269","JG","45","HC",3
"MKN9270","JG","45","HC",1
"MKN9271","JG","45","HC",1
"MKN9272","JG","45","HC",2
"MKN9273","JG","45","HC",1
"MKN9274","JG","45","HC",1
"MKN9275","JG","45","HC",5
"MKN9277","JG","45","HC",4
"MKN9278","JG","45","HC",3
"MKN9279","JG","45","HC",1
"MKN9280","JG","45","HC",2
"MKN9242","IUI_N","5","Hydnophora",1
"MKN9038","IUI_S","15","Hydnophora",2
"MKN9046","IUI_S","15","Hydnophora",1
"MKN9137","IUI_N","35","Hydnophora",1
"MKN8965","IUI_S","45","Hydnophora",2
"MKN9281","JG","45","Hydnophora",7
"MKN9382","JG","5","Leptastrea",1
"MKN9393","JG","5","Leptastrea",1
"MKN9191","IUI_N","15","Leptastrea",1
"MKN9219","IUI_N","15","Leptastrea",1
"MKN9045","IUI_S","15","Leptastrea",1
"MKN9060","IUI_S","15","Leptastrea",2
"MKN9334","JG","25","Leptastrea",1
"MKN9335","JG","25","Leptastrea",1
"MKN9146","IUI_N","35","Leptastrea",1
"MKN9153","IUI_N","35","Leptastrea",1
"MKN9156","IUI_N","35","Leptastrea",1
"MKN9282","JG","35","Leptastrea",1
"MKN9283","JG","35","Leptastrea",4
"MKN9286","JG","35","Leptastrea",1
"MKN9301","JG","35","Leptastrea",1
"MKN9273","JG","45","Leptastrea",1
"MKN9193","IUI_N","15","Leptoseris",3
"MKN9163","IUI_N","25","Leptoseris",1
"MKN9164","IUI_N","25","Leptoseris",2
"MKN9171","IUI_N","25","Leptoseris",4
"MKN9172","IUI_N","25","Leptoseris",1
"MKN9176","IUI_N","25","Leptoseris",2
"MKN9184","IUI_N","25","Leptoseris",2
"MKN9016","IUI_S","25","Leptoseris",2
"MKN9316","JG","25","Leptoseris",1
"MKN9327","JG","25","Leptoseris",1
"MKN9329","JG","25","Leptoseris",1
"MKN9335","JG","25","Leptoseris",3
"MKN9336","JG","25","Leptoseris",2
"MKN9133","IUI_N","35","Leptoseris",3
"MKN9135","IUI_N","35","Leptoseris",6
"MKN9136","IUI_N","35","Leptoseris",2
"MKN9138","IUI_N","35","Leptoseris",5
"MKN9140","IUI_N","35","Leptoseris",2
"MKN9142","IUI_N","35","Leptoseris",10
"MKN9146","IUI_N","35","Leptoseris",3
"MKN9147","IUI_N","35","Leptoseris",4
"MKN9149","IUI_N","35","Leptoseris",4
"MKN9151","IUI_N","35","Leptoseris",1
"MKN9155","IUI_N","35","Leptoseris",3
"MKN8983","IUI_S","35","Leptoseris",3
"MKN9284","JG","35","Leptoseris",4
"MKN9285","JG","35","Leptoseris",3
"MKN9286","JG","35","Leptoseris",1
"MKN9287","JG","35","Leptoseris",2
"MKN9292","JG","35","Leptoseris",2
"MKN9299","JG","35","Leptoseris",1
"MKN9304","JG","35","Leptoseris",1
"MKN9309","JG","35","Leptoseris",1
"MKN9311","JG","35","Leptoseris",1
"MKN9101","IUI_N","45","Leptoseris",2
"MKN9103","IUI_N","45","Leptoseris",3
"MKN9104","IUI_N","45","Leptoseris",1
"MKN9105","IUI_N","45","Leptoseris",2
"MKN9106","IUI_N","45","Leptoseris",2
"MKN9107","IUI_N","45","Leptoseris",1
"MKN9108","IUI_N","45","Leptoseris",1
"MKN9109","IUI_N","45","Leptoseris",3
"MKN9111","IUI_N","45","Leptoseris",2
"MKN9112","IUI_N","45","Leptoseris",1
"MKN9114","IUI_N","45","Leptoseris",1
"MKN9119","IUI_N","45","Leptoseris",1
"MKN9120","IUI_N","45","Leptoseris",1
"MKN9122","IUI_N","45","Leptoseris",1
"MKN9128","IUI_N","45","Leptoseris",1
"MKN9129","IUI_N","45","Leptoseris",1
"MKN9130","IUI_N","45","Leptoseris",6
"MKN8941","IUI_S","45","Leptoseris",1
"MKN8944","IUI_S","45","Leptoseris",1
"MKN8946","IUI_S","45","Leptoseris",1
"MKN8950","IUI_S","45","Leptoseris",1
"MKN8951","IUI_S","45","Leptoseris",1
"MKN8957","IUI_S","45","Leptoseris",2
"MKN8966","IUI_S","45","Leptoseris",1
"MKN9253","JG","45","Leptoseris",1
"MKN9255","JG","45","Leptoseris",3
"MKN9257","JG","45","Leptoseris",2
"MKN9258","JG","45","Leptoseris",2
"MKN9260","JG","45","Leptoseris",4
"MKN9262","JG","45","Leptoseris",1
"MKN9264","JG","45","Leptoseris",1
"MKN9265","JG","45","Leptoseris",3
"MKN9269","JG","45","Leptoseris",5
"MKN9272","JG","45","Leptoseris",2
"MKN9273","JG","45","Leptoseris",1
"MKN9274","JG","45","Leptoseris",1
"MKN9275","JG","45","Leptoseris",1
"MKN9279","JG","45","Leptoseris",4
"MKN9230","IUI_N","5","Lobophyllia",3
"MKN9231","IUI_N","5","Lobophyllia",1
"MKN9235","IUI_N","5","Lobophyllia",3
"MKN9241","IUI_N","5","Lobophyllia",2
"MKN9244","IUI_N","5","Lobophyllia",1
"MKN9250","IUI_N","5","Lobophyllia",2
"MKN9375","JG","5","Lobophyllia",11
"MKN9376","JG","5","Lobophyllia",4
"MKN9387","JG","5","Lobophyllia",1
"MKN9388","JG","5","Lobophyllia",7
"MKN9193","IUI_N","15","Lobophyllia",1
"MKN9034","IUI_S","15","Lobophyllia",1
"MKN9046","IUI_S","15","Lobophyllia",1
"MKN9048","IUI_S","15","Lobophyllia",1
"MKN9057","IUI_S","15","Lobophyllia",1
"MKN9355","JG","15","Lobophyllia",1
"MKN9360","JG","15","Lobophyllia",1
"MKN9369","JG","15","Lobophyllia",2
"MKN9159","IUI_N","25","Lobophyllia",1
"MKN9163","IUI_N","25","Lobophyllia",1
"MKN9173","IUI_N","25","Lobophyllia",1
"MKN9174","IUI_N","25","Lobophyllia",4
"MKN9175","IUI_N","25","Lobophyllia",2
"MKN9178","IUI_N","25","Lobophyllia",4
"MKN9188","IUI_N","25","Lobophyllia",3
"MKN9190","IUI_N","25","Lobophyllia",1
"MKN9315","JG","25","Lobophyllia",1
"MKN9317","JG","25","Lobophyllia",2
"MKN9322","JG","25","Lobophyllia",3
"MKN9328","JG","25","Lobophyllia",1
"MKN9329","JG","25","Lobophyllia",1
"MKN9330","JG","25","Lobophyllia",1
"MKN9335","JG","25","Lobophyllia",1
"MKN9132","IUI_N","35","Lobophyllia",1
"MKN9136","IUI_N","35","Lobophyllia",1
"MKN9138","IUI_N","35","Lobophyllia",2
"MKN9146","IUI_N","35","Lobophyllia",1
"MKN9156","IUI_N","35","Lobophyllia",1
"MKN9291","JG","35","Lobophyllia",6
"MKN9302","JG","35","Lobophyllia",1
"MKN9310","JG","35","Lobophyllia",1
"MKN9107","IUI_N","45","Lobophyllia",4
"MKN9114","IUI_N","45","Lobophyllia",1
"MKN9117","IUI_N","45","Lobophyllia",1
"MKN9128","IUI_N","45","Lobophyllia",1
"MKN9130","IUI_N","45","Lobophyllia",1
"MKN9257","JG","45","Lobophyllia",1
"MKN9258","JG","45","Lobophyllia",1
"MKN9260","JG","45","Lobophyllia",1
"MKN9278","JG","45","Lobophyllia",3
"MKN9252","JG","45","Madracis",1
"MKN9253","JG","45","Merulina",1
"MKN9228","IUI_N","5","Montipora",2
"MKN9229","IUI_N","5","Montipora",1
"MKN9230","IUI_N","5","Montipora",2
"MKN9233","IUI_N","5","Montipora",2
"MKN9236","IUI_N","5","Montipora",4
"MKN9239","IUI_N","5","Montipora",2
"MKN9240","IUI_N","5","Montipora",1
"MKN9241","IUI_N","5","Montipora",1
"MKN9242","IUI_N","5","Montipora",8
"MKN9243","IUI_N","5","Montipora",7
"MKN9244","IUI_N","5","Montipora",1
"MKN9245","IUI_N","5","Montipora",1
"MKN9247","IUI_N","5","Montipora",2
"MKN9250","IUI_N","5","Montipora",1
"MKN9251","IUI_N","5","Montipora",3
"MKN9069","IUI_S","5","Montipora",1
"MKN9082","IUI_S","5","Montipora",1
"MKN9374","JG","5","Montipora",2
"MKN9375","JG","5","Montipora",2
"MKN9376","JG","5","Montipora",1
"MKN9380","JG","5","Montipora",1
"MKN9381","JG","5","Montipora",1
"MKN9383","JG","5","Montipora",2
"MKN9384","JG","5","Montipora",2
"MKN9385","JG","5","Montipora",1
"MKN9389","JG","5","Montipora",1
"MKN9393","JG","5","Montipora",1
"MKN9191","IUI_N","15","Montipora",1
"MKN9192","IUI_N","15","Montipora",1
"MKN9193","IUI_N","15","Montipora",1
"MKN9194","IUI_N","15","Montipora",1
"MKN9197","IUI_N","15","Montipora",1
"MKN9199","IUI_N","15","Montipora",2
"MKN9207","IUI_N","15","Montipora",2
"MKN9210","IUI_N","15","Montipora",1
"MKN9214","IUI_N","15","Montipora",1
"MKN9215","IUI_N","15","Montipora",1
"MKN9217","IUI_N","15","Montipora",1
"MKN9031","IUI_S","15","Montipora",1
"MKN9034","IUI_S","15","Montipora",1
"MKN9036","IUI_S","15","Montipora",2
"MKN9037","IUI_S","15","Montipora",1
"MKN9046","IUI_S","15","Montipora",1
"MKN9063","IUI_S","15","Montipora",2
"MKN9343","JG","15","Montipora",1
"MKN9345","JG","15","Montipora",1
"MKN9346","JG","15","Montipora",2
"MKN9347","JG","15","Montipora",2
"MKN9351","JG","15","Montipora",1
"MKN9352","JG","15","Montipora",1
"MKN9353","JG","15","Montipora",2
"MKN9354","JG","15","Montipora",1
"MKN9356","JG","15","Montipora",1
"MKN9359","JG","15","Montipora",2
"MKN9360","JG","15","Montipora",1
"MKN9362","JG","15","Montipora",4
"MKN9363","JG","15","Montipora",2
"MKN9364","JG","15","Montipora",2
"MKN9365","JG","15","Montipora",1
"MKN9368","JG","15","Montipora",1
"MKN9370","JG","15","Montipora",1
"MKN9371","JG","15","Montipora",4
"MKN9159","IUI_N","25","Montipora",15
"MKN9160","IUI_N","25","Montipora",7
"MKN9161","IUI_N","25","Montipora",9
"MKN9162","IUI_N","25","Montipora",9
"MKN9163","IUI_N","25","Montipora",6
"MKN9164","IUI_N","25","Montipora",7
"MKN9165","IUI_N","25","Montipora",9
"MKN9166","IUI_N","25","Montipora",9
"MKN9167","IUI_N","25","Montipora",11
"MKN9168","IUI_N","25","Montipora",8
"MKN9170","IUI_N","25","Montipora",4
"MKN9171","IUI_N","25","Montipora",15
"MKN9172","IUI_N","25","Montipora",5
"MKN9173","IUI_N","25","Montipora",8
"MKN9174","IUI_N","25","Montipora",8
"MKN9175","IUI_N","25","Montipora",6
"MKN9176","IUI_N","25","Montipora",5
"MKN9177","IUI_N","25","Montipora",1
"MKN9178","IUI_N","25","Montipora",11
"MKN9179","IUI_N","25","Montipora",13
"MKN9180","IUI_N","25","Montipora",12
"MKN9181","IUI_N","25","Montipora",13
"MKN9182","IUI_N","25","Montipora",11
"MKN9183","IUI_N","25","Montipora",14
"MKN9184","IUI_N","25","Montipora",10
"MKN9185","IUI_N","25","Montipora",7
"MKN9186","IUI_N","25","Montipora",12
"MKN9187","IUI_N","25","Montipora",5
"MKN9188","IUI_N","25","Montipora",2
"MKN9189","IUI_N","25","Montipora",9
"MKN9190","IUI_N","25","Montipora",6
"MKN9005","IUI_S","25","Montipora",2
"MKN9008","IUI_S","25","Montipora",2
"MKN9013","IUI_S","25","Montipora",1
"MKN9024","IUI_S","25","Montipora",1
"MKN9029","IUI_S","25","Montipora",1
"MKN9312","JG","25","Montipora",6
"MKN9313","JG","25","Montipora",10
"MKN9314","JG","25","Montipora",5
"MKN9315","JG","25","Montipora",7
"MKN9316","JG","25","Montipora",8
"MKN9317","JG","25","Montipora",11
"MKN9318","JG","25","Montipora",7
"MKN9319","JG","25","Montipora",6
"MKN9320","JG","25","Montipora",15
"MKN9321","JG","25","Montipora",8
"MKN9322","JG","25","Montipora",1
"MKN9323","JG","25","Montipora",10
"MKN9324","JG","25","Montipora",4
"MKN9325","JG","25","Montipora",18
"MKN9326","JG","25","Montipora",11
"MKN9327","JG","25","Montipora",7
"MKN9328","JG","25","Montipora",8
"MKN9329","JG","25","Montipora",5
"MKN9330","JG","25","Montipora",15
"MKN9331","JG","25","Montipora",6
"MKN9332","JG","25","Montipora",1
"MKN9333","JG","25","Montipora",2
"MKN9334","JG","25","Montipora",7
"MKN9335","JG","25","Montipora",9
"MKN9336","JG","25","Montipora",8
"MKN9337","JG","25","Montipora",5
"MKN9338","JG","25","Montipora",13
"MKN9339","JG","25","Montipora",8
"MKN9340","JG","25","Montipora",7
"MKN9341","JG","25","Montipora",9
"MKN9132","IUI_N","35","Montipora",5
"MKN9133","IUI_N","35","Montipora",6
"MKN9134","IUI_N","35","Montipora",6
"MKN9135","IUI_N","35","Montipora",6
"MKN9136","IUI_N","35","Montipora",10
"MKN9137","IUI_N","35","Montipora",1
"MKN9138","IUI_N","35","Montipora",9
"MKN9139","IUI_N","35","Montipora",6
"MKN9140","IUI_N","35","Montipora",10
"MKN9141","IUI_N","35","Montipora",10
"MKN9142","IUI_N","35","Montipora",6
"MKN9143","IUI_N","35","Montipora",7
"MKN9144","IUI_N","35","Montipora",8
"MKN9145","IUI_N","35","Montipora",8
"MKN9146","IUI_N","35","Montipora",9
"MKN9147","IUI_N","35","Montipora",11
"MKN9148","IUI_N","35","Montipora",6
"MKN9149","IUI_N","35","Montipora",15
"MKN9151","IUI_N","35","Montipora",5
"MKN9152","IUI_N","35","Montipora",6
"MKN9153","IUI_N","35","Montipora",10
"MKN9154","IUI_N","35","Montipora",3
"MKN9155","IUI_N","35","Montipora",8
"MKN9157","IUI_N","35","Montipora",15
"MKN9158","IUI_N","35","Montipora",12
"MKN8968","IUI_S","35","Montipora",1
"MKN8972","IUI_S","35","Montipora",2
"MKN8975","IUI_S","35","Montipora",1
"MKN8976","IUI_S","35","Montipora",2
"MKN8978","IUI_S","35","Montipora",1
"MKN8982","IUI_S","35","Montipora",1
"MKN8983","IUI_S","35","Montipora",1
"MKN8985","IUI_S","35","Montipora",2
"MKN8988","IUI_S","35","Montipora",3
"MKN8992","IUI_S","35","Montipora",2
"MKN9282","JG","35","Montipora",9
"MKN9283","JG","35","Montipora",6
"MKN9284","JG","35","Montipora",7
"MKN9285","JG","35","Montipora",18
"MKN9286","JG","35","Montipora",10
"MKN9287","JG","35","Montipora",20
"MKN9288","JG","35","Montipora",7
"MKN9289","JG","35","Montipora",5
"MKN9290","JG","35","Montipora",19
"MKN9292","JG","35","Montipora",4
"MKN9293","JG","35","Montipora",5
"MKN9294","JG","35","Montipora",6
"MKN9295","JG","35","Montipora",2
"MKN9296","JG","35","Montipora",2
"MKN9297","JG","35","Montipora",7
"MKN9298","JG","35","Montipora",12
"MKN9299","JG","35","Montipora",12
"MKN9300","JG","35","Montipora",4
"MKN9301","JG","35","Montipora",1
"MKN9302","JG","35","Montipora",3
"MKN9303","JG","35","Montipora",7
"MKN9304","JG","35","Montipora",7
"MKN9305","JG","35","Montipora",6
"MKN9306","JG","35","Montipora",3
"MKN9307","JG","35","Montipora",11
"MKN9308","JG","35","Montipora",9
"MKN9309","JG","35","Montipora",5
"MKN9310","JG","35","Montipora",6
"MKN9311","JG","35","Montipora",13
"MKN9099","IUI_N","45","Montipora",1
"MKN9101","IUI_N","45","Montipora",2
"MKN9106","IUI_N","45","Montipora",2
"MKN9115","IUI_N","45","Montipora",2
"MKN9116","IUI_N","45","Montipora",2
"MKN9117","IUI_N","45","Montipora",2
"MKN9120","IUI_N","45","Montipora",1
"MKN9123","IUI_N","45","Montipora",3
"MKN9125","IUI_N","45","Montipora",3
"MKN9127","IUI_N","45","Montipora",2
"MKN9128","IUI_N","45","Montipora",3
"MKN9129","IUI_N","45","Montipora",1
"MKN9130","IUI_N","45","Montipora",2
"MKN9131","IUI_N","45","Montipora",11
"MKN8931","IUI_S","45","Montipora",3
"MKN8938","IUI_S","45","Montipora",1
"MKN8952","IUI_S","45","Montipora",1
"MKN8954","IUI_S","45","Montipora",3
"MKN8962","IUI_S","45","Montipora",2
"MKN9253","JG","45","Montipora",1
"MKN9255","JG","45","Montipora",2
"MKN9259","JG","45","Montipora",1
"MKN9262","JG","45","Montipora",8
"MKN9263","JG","45","Montipora",1
"MKN9264","JG","45","Montipora",2
"MKN9265","JG","45","Montipora",3
"MKN9266","JG","45","Montipora",5
"MKN9267","JG","45","Montipora",9
"MKN9268","JG","45","Montipora",1
"MKN9270","JG","45","Montipora",5
"MKN9272","JG","45","Montipora",5
"MKN9273","JG","45","Montipora",2
"MKN9275","JG","45","Montipora",9
"MKN9276","JG","45","Montipora",2
"MKN9277","JG","45","Montipora",2
"MKN9279","JG","45","Montipora",2
"MKN9280","JG","45","Montipora",13
"MKN9281","JG","45","Montipora",8
"MKN9232","IUI_N","5","Mycedium",1
"MKN9234","IUI_N","5","Mycedium",1
"MKN9235","IUI_N","5","Mycedium",4
"MKN9376","JG","5","Mycedium",1
"MKN9047","IUI_S","15","Mycedium",17
"MKN9172","IUI_N","25","Mycedium",1
"MKN9326","JG","25","Mycedium",1
"MKN9337","JG","25","Mycedium",1
"MKN9338","JG","25","Mycedium",2
"MKN9132","IUI_N","35","Mycedium",2
"MKN9133","IUI_N","35","Mycedium",1
"MKN9135","IUI_N","35","Mycedium",21
"MKN9136","IUI_N","35","Mycedium",1
"MKN9142","IUI_N","35","Mycedium",2
"MKN9144","IUI_N","35","Mycedium",2
"MKN9152","IUI_N","35","Mycedium",1
"MKN9154","IUI_N","35","Mycedium",3
"MKN9157","IUI_N","35","Mycedium",1
"MKN8985","IUI_S","35","Mycedium",1
"MKN9283","JG","35","Mycedium",1
"MKN9290","JG","35","Mycedium",3
"MKN9292","JG","35","Mycedium",1
"MKN9294","JG","35","Mycedium",6
"MKN9303","JG","35","Mycedium",1
"MKN9305","JG","35","Mycedium",4
"MKN9307","JG","35","Mycedium",3
"MKN9309","JG","35","Mycedium",1
"MKN9101","IUI_N","45","Mycedium",2
"MKN9102","IUI_N","45","Mycedium",1
"MKN9104","IUI_N","45","Mycedium",1
"MKN9105","IUI_N","45","Mycedium",1
"MKN9106","IUI_N","45","Mycedium",2
"MKN9107","IUI_N","45","Mycedium",2
"MKN9109","IUI_N","45","Mycedium",1
"MKN9110","IUI_N","45","Mycedium",1
"MKN9114","IUI_N","45","Mycedium",1
"MKN9131","IUI_N","45","Mycedium",1
"MKN8944","IUI_S","45","Mycedium",1
"MKN8954","IUI_S","45","Mycedium",1
"MKN8961","IUI_S","45","Mycedium",4
"MKN9264","JG","45","Mycedium",1
"MKN9186","IUI_N","25","Oxypora",1
"MKN9320","JG","25","Oxypora",1
"MKN9188","IUI_N","25","Pachyseris",3
"MKN9322","JG","25","Pachyseris",7
"MKN9136","IUI_N","35","Pachyseris",2
"MKN9147","IUI_N","35","Pachyseris",1
"MKN9152","IUI_N","35","Pachyseris",1
"MKN9153","IUI_N","35","Pachyseris",5
"MKN9289","JG","35","Pachyseris",1
"MKN9100","IUI_N","45","Pachyseris",3
"MKN9107","IUI_N","45","Pachyseris",1
"MKN9120","IUI_N","45","Pachyseris",2
"MKN9128","IUI_N","45","Pachyseris",2
"MKN8937","IUI_S","45","Pachyseris",1
"MKN8945","IUI_S","45","Pachyseris",10
"MKN8953","IUI_S","45","Pachyseris",2
"MKN8959","IUI_S","45","Pachyseris",3
"MKN8965","IUI_S","45","Pachyseris",2
"MKN9261","JG","45","Pachyseris",5
"MKN9266","JG","45","Pachyseris",5
"MKN9229","IUI_N","5","Paramontastraea",1
"MKN9234","IUI_N","5","Paramontastraea",1
"MKN9236","IUI_N","5","Paramontastraea",1
"MKN9246","IUI_N","5","Paramontastraea",1
"MKN9065","IUI_S","5","Paramontastraea",1
"MKN9081","IUI_S","5","Paramontastraea",1
"MKN9374","JG","5","Paramontastraea",1
"MKN9375","JG","5","Paramontastraea",1
"MKN9383","JG","5","Paramontastraea",1
"MKN9191","IUI_N","15","Paramontastraea",2
"MKN9195","IUI_N","15","Paramontastraea",1
"MKN9199","IUI_N","15","Paramontastraea",1
"MKN9200","IUI_N","15","Paramontastraea",1
"MKN9201","IUI_N","15","Paramontastraea",1
"MKN9210","IUI_N","15","Paramontastraea",1
"MKN9213","IUI_N","15","Paramontastraea",1
"MKN9225","IUI_N","15","Paramontastraea",1
"MKN9030","IUI_S","15","Paramontastraea",1
"MKN9035","IUI_S","15","Paramontastraea",1
"MKN9050","IUI_S","15","Paramontastraea",1
"MKN9058","IUI_S","15","Paramontastraea",1
"MKN9064","IUI_S","15","Paramontastraea",1
"MKN9342","JG","15","Paramontastraea",2
"MKN9343","JG","15","Paramontastraea",1
"MKN9344","JG","15","Paramontastraea",1
"MKN9347","JG","15","Paramontastraea",1
"MKN9348","JG","15","Paramontastraea",2
"MKN9349","JG","15","Paramontastraea",1
"MKN9350","JG","15","Paramontastraea",2
"MKN9355","JG","15","Paramontastraea",1
"MKN9357","JG","15","Paramontastraea",2
"MKN9362","JG","15","Paramontastraea",1
"MKN9367","JG","15","Paramontastraea",1
"MKN9371","JG","15","Paramontastraea",1
"MKN9166","IUI_N","25","Paramontastraea",1
"MKN9168","IUI_N","25","Paramontastraea",1
"MKN9173","IUI_N","25","Paramontastraea",1
"MKN9020","IUI_S","25","Paramontastraea",1
"MKN9028","IUI_S","25","Paramontastraea",1
"MKN9313","JG","25","Paramontastraea",1
"MKN9322","JG","25","Paramontastraea",1
"MKN9323","JG","25","Paramontastraea",1
"MKN9324","JG","25","Paramontastraea",1
"MKN9325","JG","25","Paramontastraea",1
"MKN9338","JG","25","Paramontastraea",1
"MKN9339","JG","25","Paramontastraea",1
"MKN9136","IUI_N","35","Paramontastraea",1
"MKN9146","IUI_N","35","Paramontastraea",1
"MKN9147","IUI_N","35","Paramontastraea",1
"MKN9155","IUI_N","35","Paramontastraea",1
"MKN8974","IUI_S","35","Paramontastraea",2
"MKN8978","IUI_S","35","Paramontastraea",1
"MKN8992","IUI_S","35","Paramontastraea",1
"MKN8997","IUI_S","35","Paramontastraea",1
"MKN9283","JG","35","Paramontastraea",1
"MKN9293","JG","35","Paramontastraea",1
"MKN9298","JG","35","Paramontastraea",1
"MKN9300","JG","35","Paramontastraea",1
"MKN9105","IUI_N","45","Paramontastraea",1
"MKN9109","IUI_N","45","Paramontastraea",1
"MKN9111","IUI_N","45","Paramontastraea",1
"MKN9128","IUI_N","45","Paramontastraea",1
"MKN8937","IUI_S","45","Paramontastraea",3
"MKN8939","IUI_S","45","Paramontastraea",1
"MKN8942","IUI_S","45","Paramontastraea",1
"MKN8947","IUI_S","45","Paramontastraea",1
"MKN8962","IUI_S","45","Paramontastraea",1
"MKN8965","IUI_S","45","Paramontastraea",1
"MKN9261","JG","45","Paramontastraea",1
"MKN9268","JG","45","Paramontastraea",1
"MKN9272","JG","45","Paramontastraea",1
"MKN9281","JG","45","Paramontastraea",1
"MKN9230","IUI_N","5","Pavona",1
"MKN9165","IUI_N","25","Pavona",1
"MKN9318","JG","25","Pavona",1
"MKN9310","JG","35","Pavona",1
"MKN9264","JG","45","Pavona",1
"MKN9265","JG","45","Pavona",1
"MKN9268","JG","45","Pavona",1
"MKN9226","IUI_N","5","Platygyra",4
"MKN9232","IUI_N","5","Platygyra",2
"MKN9235","IUI_N","5","Platygyra",1
"MKN9238","IUI_N","5","Platygyra",1
"MKN9240","IUI_N","5","Platygyra",1
"MKN9244","IUI_N","5","Platygyra",1
"MKN9069","IUI_S","5","Platygyra",1
"MKN9076","IUI_S","5","Platygyra",1
"MKN9077","IUI_S","5","Platygyra",1
"MKN9079","IUI_S","5","Platygyra",1
"MKN9080","IUI_S","5","Platygyra",1
"MKN9081","IUI_S","5","Platygyra",1
"MKN9085","IUI_S","5","Platygyra",1
"MKN9087","IUI_S","5","Platygyra",1
"MKN9093","IUI_S","5","Platygyra",1
"MKN9373","JG","5","Platygyra",1
"MKN9383","JG","5","Platygyra",1
"MKN9389","JG","5","Platygyra",12
"MKN9193","IUI_N","15","Platygyra",1
"MKN9195","IUI_N","15","Platygyra",2
"MKN9196","IUI_N","15","Platygyra",6
"MKN9199","IUI_N","15","Platygyra",1
"MKN9201","IUI_N","15","Platygyra",4
"MKN9202","IUI_N","15","Platygyra",1
"MKN9208","IUI_N","15","Platygyra",1
"MKN9209","IUI_N","15","Platygyra",1
"MKN9213","IUI_N","15","Platygyra",1
"MKN9214","IUI_N","15","Platygyra",1
"MKN9217","IUI_N","15","Platygyra",1
"MKN9220","IUI_N","15","Platygyra",3
"MKN9221","IUI_N","15","Platygyra",2
"MKN9030","IUI_S","15","Platygyra",1
"MKN9037","IUI_S","15","Platygyra",2
"MKN9041","IUI_S","15","Platygyra",1
"MKN9044","IUI_S","15","Platygyra",1
"MKN9049","IUI_S","15","Platygyra",1
"MKN9052","IUI_S","15","Platygyra",1
"MKN9342","JG","15","Platygyra",1
"MKN9344","JG","15","Platygyra",2
"MKN9346","JG","15","Platygyra",3
"MKN9361","JG","15","Platygyra",1
"MKN9362","JG","15","Platygyra",1
"MKN9366","JG","15","Platygyra",2
"MKN9369","JG","15","Platygyra",5
"MKN9165","IUI_N","25","Platygyra",1
"MKN9166","IUI_N","25","Platygyra",2
"MKN9168","IUI_N","25","Platygyra",2
"MKN9175","IUI_N","25","Platygyra",1
"MKN9178","IUI_N","25","Platygyra",1
"MKN9006","IUI_S","25","Platygyra",1
"MKN9014","IUI_S","25","Platygyra",3
"MKN9022","IUI_S","25","Platygyra",1
"MKN9025","IUI_S","25","Platygyra",1
"MKN9028","IUI_S","25","Platygyra",1
"MKN9328","JG","25","Platygyra",2
"MKN9339","JG","25","Platygyra",1
"MKN9137","IUI_N","35","Platygyra",1
"MKN9145","IUI_N","35","Platygyra",1
"MKN9147","IUI_N","35","Platygyra",1
"MKN9153","IUI_N","35","Platygyra",3
"MKN8971","IUI_S","35","Platygyra",1
"MKN9299","JG","35","Platygyra",3
"MKN9111","IUI_N","45","Platygyra",1
"MKN8962","IUI_S","45","Platygyra",4
"MKN9228","IUI_N","5","Plerogyra",9
"MKN9233","IUI_N","5","Plerogyra",1
"MKN9243","IUI_N","5","Plerogyra",1
"MKN9251","IUI_N","5","Plerogyra",8
"MKN9017","IUI_S","25","Plerogyra",1
"MKN9317","JG","25","Plerogyra",1
"MKN9229","IUI_N","5","Pocillopora",1
"MKN9230","IUI_N","5","Pocillopora",1
"MKN9231","IUI_N","5","Pocillopora",1
"MKN9232","IUI_N","5","Pocillopora",2
"MKN9233","IUI_N","5","Pocillopora",3
"MKN9238","IUI_N","5","Pocillopora",2
"MKN9239","IUI_N","5","Pocillopora",2
"MKN9240","IUI_N","5","Pocillopora",1
"MKN9241","IUI_N","5","Pocillopora",1
"MKN9243","IUI_N","5","Pocillopora",2
"MKN9245","IUI_N","5","Pocillopora",2
"MKN9246","IUI_N","5","Pocillopora",6
"MKN9247","IUI_N","5","Pocillopora",5
"MKN9249","IUI_N","5","Pocillopora",2
"MKN9072","IUI_S","5","Pocillopora",1
"MKN9075","IUI_S","5","Pocillopora",3
"MKN9078","IUI_S","5","Pocillopora",6
"MKN9079","IUI_S","5","Pocillopora",1
"MKN9080","IUI_S","5","Pocillopora",2
"MKN9087","IUI_S","5","Pocillopora",1
"MKN9088","IUI_S","5","Pocillopora",1
"MKN9374","JG","5","Pocillopora",1
"MKN9390","JG","5","Pocillopora",2
"MKN9393","JG","5","Pocillopora",2
"MKN9401","JG","5","Pocillopora",1
"MKN9196","IUI_N","15","Pocillopora",1
"MKN9197","IUI_N","15","Pocillopora",1
"MKN9199","IUI_N","15","Pocillopora",5
"MKN9208","IUI_N","15","Pocillopora",1
"MKN9209","IUI_N","15","Pocillopora",4
"MKN9212","IUI_N","15","Pocillopora",1
"MKN9217","IUI_N","15","Pocillopora",2
"MKN9220","IUI_N","15","Pocillopora",1
"MKN9223","IUI_N","15","Pocillopora",1
"MKN9030","IUI_S","15","Pocillopora",3
"MKN9036","IUI_S","15","Pocillopora",1
"MKN9037","IUI_S","15","Pocillopora",2
"MKN9042","IUI_S","15","Pocillopora",7
"MKN9045","IUI_S","15","Pocillopora",1
"MKN9047","IUI_S","15","Pocillopora",1
"MKN9062","IUI_S","15","Pocillopora",2
"MKN9346","JG","15","Pocillopora",2
"MKN9349","JG","15","Pocillopora",3
"MKN9358","JG","15","Pocillopora",1
"MKN9362","JG","15","Pocillopora",3
"MKN9365","JG","15","Pocillopora",1
"MKN9190","IUI_N","25","Pocillopora",1
"MKN9007","IUI_S","25","Pocillopora",1
"MKN9023","IUI_S","25","Pocillopora",1
"MKN8983","IUI_S","35","Pocillopora",1
"MKN9291","JG","35","Podbacia",4
"MKN9293","JG","35","Podbacia",1
"MKN9308","JG","35","Podbacia",2
"MKN9246","IUI_N","5","Porites",1
"MKN9373","JG","5","Porites",1
"MKN9376","JG","5","Porites",1
"MKN9386","JG","5","Porites",1
"MKN9390","JG","5","Porites",1
"MKN9394","JG","5","Porites",1
"MKN9192","IUI_N","15","Porites",3
"MKN9196","IUI_N","15","Porites",2
"MKN9199","IUI_N","15","Porites",1
"MKN9212","IUI_N","15","Porites",1
"MKN9219","IUI_N","15","Porites",1
"MKN9225","IUI_N","15","Porites",1
"MKN9033","IUI_S","15","Porites",1
"MKN9034","IUI_S","15","Porites",1
"MKN9038","IUI_S","15","Porites",1
"MKN9039","IUI_S","15","Porites",18
"MKN9040","IUI_S","15","Porites",1
"MKN9042","IUI_S","15","Porites",1
"MKN9043","IUI_S","15","Porites",3
"MKN9045","IUI_S","15","Porites",1
"MKN9048","IUI_S","15","Porites",7
"MKN9049","IUI_S","15","Porites",4
"MKN9050","IUI_S","15","Porites",2
"MKN9053","IUI_S","15","Porites",1
"MKN9057","IUI_S","15","Porites",5
"MKN9059","IUI_S","15","Porites",1
"MKN9064","IUI_S","15","Porites",1
"MKN9346","JG","15","Porites",1
"MKN9347","JG","15","Porites",2
"MKN9354","JG","15","Porites",1
"MKN9357","JG","15","Porites",1
"MKN9360","JG","15","Porites",1
"MKN9363","JG","15","Porites",2
"MKN9367","JG","15","Porites",2
"MKN9368","JG","15","Porites",1
"MKN9159","IUI_N","25","Porites",2
"MKN9160","IUI_N","25","Porites",1
"MKN9161","IUI_N","25","Porites",2
"MKN9163","IUI_N","25","Porites",2
"MKN9164","IUI_N","25","Porites",1
"MKN9165","IUI_N","25","Porites",1
"MKN9166","IUI_N","25","Porites",3
"MKN9167","IUI_N","25","Porites",4
"MKN9169","IUI_N","25","Porites",3
"MKN9173","IUI_N","25","Porites",2
"MKN9174","IUI_N","25","Porites",4
"MKN9175","IUI_N","25","Porites",1
"MKN9176","IUI_N","25","Porites",6
"MKN9177","IUI_N","25","Porites",6
"MKN9178","IUI_N","25","Porites",8
"MKN9179","IUI_N","25","Porites",2
"MKN9181","IUI_N","25","Porites",2
"MKN9182","IUI_N","25","Porites",1
"MKN9183","IUI_N","25","Porites",1
"MKN9184","IUI_N","25","Porites",4
"MKN9186","IUI_N","25","Porites",4
"MKN9187","IUI_N","25","Porites",2
"MKN9188","IUI_N","25","Porites",2
"MKN9189","IUI_N","25","Porites",2
"MKN9190","IUI_N","25","Porites",4
"MKN9006","IUI_S","25","Porites",1
"MKN9009","IUI_S","25","Porites",1
"MKN9020","IUI_S","25","Porites",1
"MKN9312","JG","25","Porites",6
"MKN9313","JG","25","Porites",2
"MKN9314","JG","25","Porites",2
"MKN9315","JG","25","Porites",3
"MKN9317","JG","25","Porites",1
"MKN9318","JG","25","Porites",2
"MKN9319","JG","25","Porites",5
"MKN9320","JG","25","Porites",5
"MKN9321","JG","25","Porites",5
"MKN9322","JG","25","Porites",1
"MKN9323","JG","25","Porites",3
"MKN9324","JG","25","Porites",4
"MKN9325","JG","25","Porites",2
"MKN9327","JG","25","Porites",2
"MKN9328","JG","25","Porites",2
"MKN9329","JG","25","Porites",1
"MKN9330","JG","25","Porites",1
"MKN9331","JG","25","Porites",2
"MKN9332","JG","25","Porites",2
"MKN9333","JG","25","Porites",1
"MKN9334","JG","25","Porites",1
"MKN9335","JG","25","Porites",5
"MKN9336","JG","25","Porites",2
"MKN9337","JG","25","Porites",13
"MKN9338","JG","25","Porites",1
"MKN9339","JG","25","Porites",1
"MKN9340","JG","25","Porites",7
"MKN9341","JG","25","Porites",1
"MKN9132","IUI_N","35","Porites",3
"MKN9134","IUI_N","35","Porites",2
"MKN9136","IUI_N","35","Porites",4
"MKN9137","IUI_N","35","Porites",2
"MKN9138","IUI_N","35","Porites",6
"MKN9139","IUI_N","35","Porites",1
"MKN9140","IUI_N","35","Porites",2
"MKN9141","IUI_N","35","Porites",3
"MKN9142","IUI_N","35","Porites",4
"MKN9143","IUI_N","35","Porites",3
"MKN9144","IUI_N","35","Porites",6
"MKN9145","IUI_N","35","Porites",3
"MKN9146","IUI_N","35","Porites",1
"MKN9148","IUI_N","35","Porites",2
"MKN9149","IUI_N","35","Porites",5
"MKN9150","IUI_N","35","Porites",9
"MKN9151","IUI_N","35","Porites",6
"MKN9152","IUI_N","35","Porites",2
"MKN9153","IUI_N","35","Porites",1
"MKN9154","IUI_N","35","Porites",6
"MKN9155","IUI_N","35","Porites",2
"MKN9158","IUI_N","35","Porites",1
"MKN8968","IUI_S","35","Porites",2
"MKN8970","IUI_S","35","Porites",1
"MKN8975","IUI_S","35","Porites",1
"MKN8978","IUI_S","35","Porites",1
"MKN8986","IUI_S","35","Porites",1
"MKN8987","IUI_S","35","Porites",1
"MKN8993","IUI_S","35","Porites",3
"MKN8998","IUI_S","35","Porites",1
"MKN8999","IUI_S","35","Porites",1
"MKN9000","IUI_S","35","Porites",1
"MKN9001","IUI_S","35","Porites",1
"MKN9282","JG","35","Porites",3
"MKN9284","JG","35","Porites",6
"MKN9285","JG","35","Porites",5
"MKN9286","JG","35","Porites",4
"MKN9287","JG","35","Porites",2
"MKN9288","JG","35","Porites",7
"MKN9289","JG","35","Porites",5
"MKN9290","JG","35","Porites",1
"MKN9291","JG","35","Porites",1
"MKN9292","JG","35","Porites",3
"MKN9293","JG","35","Porites",3
"MKN9294","JG","35","Porites",3
"MKN9296","JG","35","Porites",3
"MKN9297","JG","35","Porites",2
"MKN9298","JG","35","Porites",7
"MKN9299","JG","35","Porites",3
"MKN9300","JG","35","Porites",1
"MKN9301","JG","35","Porites",3
"MKN9302","JG","35","Porites",2
"MKN9303","JG","35","Porites",1
"MKN9304","JG","35","Porites",4
"MKN9305","JG","35","Porites",1
"MKN9306","JG","35","Porites",2
"MKN9307","JG","35","Porites",3
"MKN9308","JG","35","Porites",4
"MKN9309","JG","35","Porites",2
"MKN9310","JG","35","Porites",9
"MKN9311","JG","35","Porites",2
"MKN9107","IUI_N","45","Porites",1
"MKN9114","IUI_N","45","Porites",1
"MKN9116","IUI_N","45","Porites",2
"MKN9118","IUI_N","45","Porites",1
"MKN9119","IUI_N","45","Porites",1
"MKN9120","IUI_N","45","Porites",2
"MKN9122","IUI_N","45","Porites",1
"MKN9125","IUI_N","45","Porites",1
"MKN9128","IUI_N","45","Porites",2
"MKN9129","IUI_N","45","Porites",1
"MKN9130","IUI_N","45","Porites",2
"MKN8931","IUI_S","45","Porites",1
"MKN8951","IUI_S","45","Porites",1
"MKN8952","IUI_S","45","Porites",1
"MKN8966","IUI_S","45","Porites",1
"MKN9255","JG","45","Porites",1
"MKN9257","JG","45","Porites",1
"MKN9258","JG","45","Porites",1
"MKN9259","JG","45","Porites",3
"MKN9261","JG","45","Porites",2
"MKN9262","JG","45","Porites",2
"MKN9263","JG","45","Porites",3
"MKN9268","JG","45","Porites",1
"MKN9269","JG","45","Porites",3
"MKN9271","JG","45","Porites",3
"MKN9273","JG","45","Porites",1
"MKN9274","JG","45","Porites",1
"MKN9275","JG","45","Porites",2
"MKN9276","JG","45","Porites",1
"MKN9277","JG","45","Porites",4
"MKN9278","JG","45","Porites",2
"MKN9279","JG","45","Porites",8
"MKN9280","JG","45","Porites",1
"MKN9281","JG","45","Porites",1
"MKN9248","IUI_N","5","Psammocora",1
"MKN9189","IUI_N","25","Psammocora",1
"MKN9154","IUI_N","35","Psammocora",2
"MKN8984","IUI_S","35","Psammocora",1
"MKN9282","JG","35","Psammocora",1
"MKN9286","JG","35","Psammocora",1
"MKN9288","JG","35","Psammocora",1
"MKN9290","JG","35","Psammocora",1
"MKN9292","JG","35","Psammocora",1
"MKN9299","JG","35","Psammocora",1
"MKN9304","JG","35","Psammocora",1
"MKN8948","IUI_S","45","Psammocora",1
"MKN8949","IUI_S","45","Psammocora",1
"MKN9252","JG","45","Psammocora",1
"MKN9275","JG","45","Psammocora",1
"MKN9280","JG","45","Psammocora",2
"MKN8988","IUI_S","35","Sclerophyllia",1
"MKN9118","IUI_N","45","Sclerophyllia",1
"MKN9355","JG","15","Seriatopora",1
"MKN9295","JG","35","Seriatopora",1
"MKN9299","JG","35","Seriatopora",1
"MKN8946","IUI_S","45","Seriatopora",1
"MKN9270","JG","45","Seriatopora",4
"MKN9271","JG","45","Seriatopora",4
"MKN9276","JG","45","Seriatopora",9
"MKN9072","IUI_S","5","Siderastrea",1
"MKN9205","IUI_N","15","Siderastrea",1
"MKN9063","IUI_S","15","Siderastrea",1
"MKN9064","IUI_S","15","Siderastrea",1
"MKN9355","JG","15","Siderastrea",1
"MKN9331","JG","25","Siderastrea",1
"MKN8996","IUI_S","35","Siderastrea",1
"MKN9226","IUI_N","5","Stylophora",1
"MKN9228","IUI_N","5","Stylophora",4
"MKN9230","IUI_N","5","Stylophora",1
"MKN9232","IUI_N","5","Stylophora",2
"MKN9236","IUI_N","5","Stylophora",1
"MKN9237","IUI_N","5","Stylophora",2
"MKN9239","IUI_N","5","Stylophora",1
"MKN9241","IUI_N","5","Stylophora",1
"MKN9242","IUI_N","5","Stylophora",3
"MKN9243","IUI_N","5","Stylophora",2
"MKN9244","IUI_N","5","Stylophora",1
"MKN9245","IUI_N","5","Stylophora",2
"MKN9246","IUI_N","5","Stylophora",1
"MKN9247","IUI_N","5","Stylophora",2
"MKN9249","IUI_N","5","Stylophora",1
"MKN9250","IUI_N","5","Stylophora",3
"MKN9251","IUI_N","5","Stylophora",2
"MKN9065","IUI_S","5","Stylophora",1
"MKN9066","IUI_S","5","Stylophora",2
"MKN9067","IUI_S","5","Stylophora",4
"MKN9068","IUI_S","5","Stylophora",3
"MKN9069","IUI_S","5","Stylophora",1
"MKN9070","IUI_S","5","Stylophora",2
"MKN9071","IUI_S","5","Stylophora",4
"MKN9072","IUI_S","5","Stylophora",2
"MKN9073","IUI_S","5","Stylophora",1
"MKN9074","IUI_S","5","Stylophora",2
"MKN9076","IUI_S","5","Stylophora",2
"MKN9077","IUI_S","5","Stylophora",3
"MKN9078","IUI_S","5","Stylophora",4
"MKN9080","IUI_S","5","Stylophora",3
"MKN9081","IUI_S","5","Stylophora",4
"MKN9082","IUI_S","5","Stylophora",3
"MKN9083","IUI_S","5","Stylophora",5
"MKN9084","IUI_S","5","Stylophora",7
"MKN9085","IUI_S","5","Stylophora",7
"MKN9087","IUI_S","5","Stylophora",4
"MKN9088","IUI_S","5","Stylophora",3
"MKN9089","IUI_S","5","Stylophora",2
"MKN9090","IUI_S","5","Stylophora",3
"MKN9091","IUI_S","5","Stylophora",5
"MKN9092","IUI_S","5","Stylophora",1
"MKN9094","IUI_S","5","Stylophora",2
"MKN9095","IUI_S","5","Stylophora",1
"MKN9096","IUI_S","5","Stylophora",2
"MKN9372","JG","5","Stylophora",2
"MKN9373","JG","5","Stylophora",2
"MKN9374","JG","5","Stylophora",2
"MKN9375","JG","5","Stylophora",3
"MKN9376","JG","5","Stylophora",1
"MKN9383","JG","5","Stylophora",2
"MKN9386","JG","5","Stylophora",1
"MKN9387","JG","5","Stylophora",2
"MKN9388","JG","5","Stylophora",1
"MKN9389","JG","5","Stylophora",1
"MKN9393","JG","5","Stylophora",1
"MKN9395","JG","5","Stylophora",2
"MKN9397","JG","5","Stylophora",1
"MKN9399","JG","5","Stylophora",2
"MKN9400","JG","5","Stylophora",1
"MKN9193","IUI_N","15","Stylophora",1
"MKN9197","IUI_N","15","Stylophora",1
"MKN9198","IUI_N","15","Stylophora",3
"MKN9200","IUI_N","15","Stylophora",4
"MKN9201","IUI_N","15","Stylophora",1
"MKN9203","IUI_N","15","Stylophora",2
"MKN9206","IUI_N","15","Stylophora",1
"MKN9207","IUI_N","15","Stylophora",2
"MKN9210","IUI_N","15","Stylophora",2
"MKN9213","IUI_N","15","Stylophora",2
"MKN9214","IUI_N","15","Stylophora",1
"MKN9215","IUI_N","15","Stylophora",1
"MKN9216","IUI_N","15","Stylophora",1
"MKN9217","IUI_N","15","Stylophora",1
"MKN9218","IUI_N","15","Stylophora",4
"MKN9219","IUI_N","15","Stylophora",1
"MKN9220","IUI_N","15","Stylophora",3
"MKN9221","IUI_N","15","Stylophora",4
"MKN9222","IUI_N","15","Stylophora",3
"MKN9223","IUI_N","15","Stylophora",2
"MKN9224","IUI_N","15","Stylophora",3
"MKN9225","IUI_N","15","Stylophora",2
"MKN9031","IUI_S","15","Stylophora",1
"MKN9032","IUI_S","15","Stylophora",2
"MKN9033","IUI_S","15","Stylophora",3
"MKN9034","IUI_S","15","Stylophora",1
"MKN9035","IUI_S","15","Stylophora",1
"MKN9036","IUI_S","15","Stylophora",1
"MKN9041","IUI_S","15","Stylophora",5
"MKN9042","IUI_S","15","Stylophora",1
"MKN9043","IUI_S","15","Stylophora",1
"MKN9047","IUI_S","15","Stylophora",1
"MKN9048","IUI_S","15","Stylophora",1
"MKN9049","IUI_S","15","Stylophora",1
"MKN9050","IUI_S","15","Stylophora",1
"MKN9051","IUI_S","15","Stylophora",2
"MKN9053","IUI_S","15","Stylophora",3
"MKN9055","IUI_S","15","Stylophora",2
"MKN9056","IUI_S","15","Stylophora",1
"MKN9058","IUI_S","15","Stylophora",1
"MKN9059","IUI_S","15","Stylophora",3
"MKN9060","IUI_S","15","Stylophora",4
"MKN9061","IUI_S","15","Stylophora",1
"MKN9062","IUI_S","15","Stylophora",1
"MKN9063","IUI_S","15","Stylophora",2
"MKN9064","IUI_S","15","Stylophora",1
"MKN9342","JG","15","Stylophora",3
"MKN9343","JG","15","Stylophora",1
"MKN9344","JG","15","Stylophora",2
"MKN9345","JG","15","Stylophora",2
"MKN9347","JG","15","Stylophora",3
"MKN9348","JG","15","Stylophora",4
"MKN9349","JG","15","Stylophora",3
"MKN9350","JG","15","Stylophora",2
"MKN9351","JG","15","Stylophora",1
"MKN9352","JG","15","Stylophora",2
"MKN9353","JG","15","Stylophora",2
"MKN9354","JG","15","Stylophora",1
"MKN9355","JG","15","Stylophora",2
"MKN9356","JG","15","Stylophora",1
"MKN9357","JG","15","Stylophora",2
"MKN9359","JG","15","Stylophora",1
"MKN9360","JG","15","Stylophora",3
"MKN9362","JG","15","Stylophora",1
"MKN9363","JG","15","Stylophora",1
"MKN9364","JG","15","Stylophora",1
"MKN9367","JG","15","Stylophora",1
"MKN9369","JG","15","Stylophora",3
"MKN9371","JG","15","Stylophora",2
"MKN9159","IUI_N","25","Stylophora",1
"MKN9161","IUI_N","25","Stylophora",1
"MKN9170","IUI_N","25","Stylophora",1
"MKN9172","IUI_N","25","Stylophora",1
"MKN9177","IUI_N","25","Stylophora",4
"MKN9178","IUI_N","25","Stylophora",2
"MKN9180","IUI_N","25","Stylophora",4
"MKN9181","IUI_N","25","Stylophora",2
"MKN9183","IUI_N","25","Stylophora",1
"MKN9186","IUI_N","25","Stylophora",3
"MKN9187","IUI_N","25","Stylophora",1
"MKN9189","IUI_N","25","Stylophora",1
"MKN9005","IUI_S","25","Stylophora",2
"MKN9006","IUI_S","25","Stylophora",4
"MKN9008","IUI_S","25","Stylophora",2
"MKN9009","IUI_S","25","Stylophora",2
"MKN9010","IUI_S","25","Stylophora",2
"MKN9012","IUI_S","25","Stylophora",1
"MKN9013","IUI_S","25","Stylophora",1
"MKN9016","IUI_S","25","Stylophora",1
"MKN9017","IUI_S","25","Stylophora",3
"MKN9018","IUI_S","25","Stylophora",1
"MKN9021","IUI_S","25","Stylophora",1
"MKN9024","IUI_S","25","Stylophora",1
"MKN9028","IUI_S","25","Stylophora",4
"MKN9312","JG","25","Stylophora",1
"MKN9314","JG","25","Stylophora",1
"MKN9315","JG","25","Stylophora",2
"MKN9316","JG","25","Stylophora",2
"MKN9318","JG","25","Stylophora",2
"MKN9319","JG","25","Stylophora",2
"MKN9320","JG","25","Stylophora",4
"MKN9323","JG","25","Stylophora",2
"MKN9326","JG","25","Stylophora",1
"MKN9327","JG","25","Stylophora",1
"MKN9328","JG","25","Stylophora",1
"MKN9331","JG","25","Stylophora",1
"MKN9332","JG","25","Stylophora",1
"MKN9340","JG","25","Stylophora",1
"MKN9341","JG","25","Stylophora",1
"MKN9132","IUI_N","35","Stylophora",2
"MKN9141","IUI_N","35","Stylophora",3
"MKN9145","IUI_N","35","Stylophora",1
"MKN9146","IUI_N","35","Stylophora",4
"MKN9147","IUI_N","35","Stylophora",1
"MKN9148","IUI_N","35","Stylophora",1
"MKN9149","IUI_N","35","Stylophora",1
"MKN9153","IUI_N","35","Stylophora",2
"MKN9154","IUI_N","35","Stylophora",1
"MKN9157","IUI_N","35","Stylophora",3
"MKN9158","IUI_N","35","Stylophora",1
"MKN8977","IUI_S","35","Stylophora",1
"MKN8981","IUI_S","35","Stylophora",1
"MKN8982","IUI_S","35","Stylophora",2
"MKN8985","IUI_S","35","Stylophora",2
"MKN8989","IUI_S","35","Stylophora",1
"MKN8990","IUI_S","35","Stylophora",2
"MKN8993","IUI_S","35","Stylophora",2
"MKN8994","IUI_S","35","Stylophora",1
"MKN8997","IUI_S","35","Stylophora",1
"MKN8999","IUI_S","35","Stylophora",1
"MKN9001","IUI_S","35","Stylophora",1
"MKN9282","JG","35","Stylophora",1
"MKN9283","JG","35","Stylophora",1
"MKN9285","JG","35","Stylophora",1
"MKN9288","JG","35","Stylophora",4
"MKN9291","JG","35","Stylophora",1
"MKN9295","JG","35","Stylophora",1
"MKN9296","JG","35","Stylophora",2
"MKN9297","JG","35","Stylophora",2
"MKN9298","JG","35","Stylophora",2
"MKN9300","JG","35","Stylophora",1
"MKN9301","JG","35","Stylophora",1
"MKN9302","JG","35","Stylophora",2
"MKN9303","JG","35","Stylophora",2
"MKN9304","JG","35","Stylophora",1
"MKN9305","JG","35","Stylophora",1
"MKN9306","JG","35","Stylophora",2
"MKN9307","JG","35","Stylophora",1
"MKN9309","JG","35","Stylophora",2
"MKN9310","JG","35","Stylophora",3
"MKN9311","JG","35","Stylophora",3
"MKN9100","IUI_N","45","Stylophora",2
"MKN9101","IUI_N","45","Stylophora",1
"MKN9123","IUI_N","45","Stylophora",2
"MKN9124","IUI_N","45","Stylophora",2
"MKN8931","IUI_S","45","Stylophora",4
"MKN8936","IUI_S","45","Stylophora",1
"MKN8937","IUI_S","45","Stylophora",1
"MKN8939","IUI_S","45","Stylophora",1
"MKN8941","IUI_S","45","Stylophora",1
"MKN8943","IUI_S","45","Stylophora",1
"MKN8946","IUI_S","45","Stylophora",1
"MKN8947","IUI_S","45","Stylophora",1
"MKN8950","IUI_S","45","Stylophora",3
"MKN8953","IUI_S","45","Stylophora",1
"MKN8954","IUI_S","45","Stylophora",1
"MKN8959","IUI_S","45","Stylophora",1
"MKN8961","IUI_S","45","Stylophora",1
"MKN8963","IUI_S","45","Stylophora",1
"MKN8964","IUI_S","45","Stylophora",1
"MKN9252","JG","45","Stylophora",1
"MKN9253","JG","45","Stylophora",1
"MKN9254","JG","45","Stylophora",3
"MKN9256","JG","45","Stylophora",2
"MKN9259","JG","45","Stylophora",2
"MKN9262","JG","45","Stylophora",1
"MKN9264","JG","45","Stylophora",3
"MKN9265","JG","45","Stylophora",1
"MKN9273","JG","45","Stylophora",1
"MKN9280","JG","45","Stylophora",1
"MKN9244","IUI_N","5","Turbinaria",1
"MKN9245","IUI_N","5","Turbinaria",1
"MKN9065","IUI_S","5","Turbinaria",3
"MKN9075","IUI_S","5","Turbinaria",1
"MKN9379","JG","5","Turbinaria",1
"MKN9380","JG","5","Turbinaria",2
"MKN9381","JG","5","Turbinaria",1
"MKN9401","JG","5","Turbinaria",1
"MKN9056","IUI_S","15","Turbinaria",17
"MKN9166","IUI_N","25","Turbinaria",1
"MKN9334","JG","25","Turbinaria",9
"MKN9335","JG","25","Turbinaria",1
"MKN9153","IUI_N","35","Turbinaria",2
"MKN9295","JG","35","Turbinaria",6
"MKN9306","JG","35","Turbinaria",3
"MKN9115","IUI_N","45","Turbinaria",1
"MKN9118","IUI_N","45","Turbinaria",3
"MKN9279","JG","45","Turbinaria",4
